1121 Apothecary,http://www.1121apothecary.com/,
24 Hour Health,http://www.24hourhealth.com/,
3PM Bites,https://3pmbites.com/,
4Legz,http://www.4legz.com/,
7D Variety,https://www.7dvariety.com/,
88 Acres,http://88-acres.com/,
A & C Snacks,http://www.yoursupereats.com/,
A|B SOLID ROOTS™,http://www.authenticblends.com/,
Abbiamo Pasta Company,https://abbiamopasta.com/,
Abbot's Butcher,http://www.abbotsbutcher.com/,
ACG Associated Capsules,http://www.acg-world.com/,
Act + Acre,http://www.actandacre.com/,
ADORAtherapy,http://www.adoratherapy.com/,
AEGIS,https://vibrowlash.com/,
Affi’s Marin Gourmet,http://maringourmet.net/,
Affirm Beauty,http://affirm-beauty.com/,
AgStandard,http://www.getagstandard.com/,
AHNESTIProfessional Haircare,http://www.ahnesti.com/,
Ahsak Skin Care by Kasha,http://www.ahsakskincare.com/,
AIM International,http://www.theaimcompanies.com/,
Ajinomoto North America,https://www.amino-vital.com/,
Alchemy Creamery,http://alchemycreamery.com/,
Alive and Healing,http://www.aliveandhealing.com/,
allBambu,http://www.allbambu.com/,
Alluvian,http://www.allbambu.com/,
Alphovo,http://www.alphovo.com/,
Altoria’s Baking Company / Wheat Valley Bakery / California Lavash www.californialavash.com/,https://www.californialavash.com/,
Amari,http://www.amariny.com/,
Amazi Foods,http://www.amazifoods.com/,
Ambreesh Cosmetics,https://ambreesh.com/,
American Beverage Marketers,http://abmcocktails.com/,
AmorePacific USA,https://us.laneige.com/,
Amy’s Kitchen,http://www.amys.com/,
Andersen & Sons Shelling,http://andersenshelling.com/,
Andre Gourmet Sauce Co.,http://www.andregourmet.com/,
Andrew Peace Wines,http://www.apwines.com/,
Andri's Kitchen,http://www.andriskitchen.com/,
Anita's Yogurt,http://anitas.com/,
Annie Chun's,https://anniechun.com/products/,
Anointment Natural Skin Care,http://www.anointment.ca/,
Antiquity BC,https://www.antiquitybc.com/,
Antonym Cosmetics,http://www.antonymcosmetics.com/,
Apple & Eve,http://appleandeve.ca/,
Arbonne International,http://www.arbonne.com/,
Arganlounge,http://www.arganlounge.com/,
ArkFoods,http://www.arkfoods.com/,
Aroma Paws,http://www.aromapaws.com/,
Artisen Gelato,http://www.artisengelato.com/,
Arvinda's,https://www.arvindas.com/,
Ascot Valley Foods,http://www.ascotvalleyfoods.com/,
Asethetics RX,http://www.ascotvalleyfoods.com/,
Atomic Makeup,https://atomicmakeup.com/,
"Austin Rose, Inc.",http://www.austinrose.com/,
Avocado Green Mattress,https://www.avocadogreenmattress.com/shop/avocado-vegan-mattress/,
Avonaise Foods,http://www.avonaise.com/,
Ayond,http://www.ayond.us/,
Azumex Sugar,http://www.azumexsugar.com/,
Back to Nature,http://www.azumexsugar.com/,
Badass Power Cookie,http://www.badasspowercookie.com/,
Baloo Living,https://balooliving.com/,
Banana Love Muffins,http://www.bananalovemuffins.com/,
Bare Masala,http://www.baremasala.com/,
Bari Olive Oil Company,http://www.barioliveoil.com/,
Barilla America,https://www.barilla.com/en-us,
Barr Necessities,https://www.barr-necessities.com/,
Barrett's Garden,http://www.barrettsgardenfoods.com/,
Barriques chocolaté,http://www.barriquesmarket.com/,
Bassé Fréres Alimentation Orientale,http://bassenuts.com/en/,
Bauducco Foods,http://www.bauducco.com/en/home/,
Be Chic,http://www.beckersalon.com/,
Be Leaf Corporation,http://www.beleafvegan.com/,
Beach Organics,http://www.beachorganicsskincare.com/,
Bear Nibbles,http://www.bearnibbles.us/,
Bear Pond Farm,http://bearpondfarm.com/,
Bearded Brothers,http://www.beardedbros.com/,
Beaumont Products,http://veggiewash.beaumontproducts.com/,
Because Animals,http://www.becauseanimals.com/,
Becca's Petites,http://www.beccaspetites.com/,
Bell Plantation,http://www.bellplantation.com/,
Bella Gluten-Free,http://bellaglutenfree.com/,
Belle Á Croquer,http://www.belleacroquer.ca/,
Ben & Jerry's,http://www.benjerry.com/flavors/non-dairy,
Benefit Biscuits,https://www.benefit-biscuits.com/,
"Berri Pro, Inc.",http://www.berrifit.com/,
Better Almond Butter,https://www.betteralmondbutter.com/,
Better Bites Bakery,http://www.betterbitesbakery.com/,
Better Booch,http://better-booch.squarespace.com/,
Better Carob,http://bettercarob.com/,
Beyond Meat,https://www.beyondmeat.com/,
Bhairava Tea,http://www.bhairavatea.com/,
Bhoomi Cane Water,https://www.drinkbhoomi.com/,
Big Mountain Foods,http://www.bigmountainfoods.com/,
Bili Beauty,https://bilibeauty.com/,
Binnie's Coconut Butter,https://binniescoconutbutter.com/,
BIO-RAW Biotic Beverages,http://www.bioticbeverages.com/,
BIOpet Pet Care,http://www.biopetonline.com.au/our-range/vegan,
Bioplanet,http://www.elvadoformen.com/,
Biovaj ,http://www.biovaj.com/,
Blackberry Hills Bakery,https://www.blackberryhillsbakery.com/,
Bloo Juice,http://www.bloojuice.com/,
BloomCoast,http://www.bloomcoast.com/,
Blue Flowers - Bloom,http://www.shopblueflowers.com/,
Blue Green Organics,http://www.bluegreenagave.com/,
Blue Lotus Candle Creations,http://www.bluelotuscandlecreations.com/,
Bluebird Botanicals,https://bluebirdbotanicals.com/,
Bluegrass Hemp Oil,http://www.bluegrasshempoil.com/,
BN Labs,http://www.bn-labs.com/,
BODILEÉ,https://bodilee.com/,
BoiSmart Labs,https://bodilee.com/,
Booda Organics,http://www.boodaorganics.com/,
Boston Sante,https://www.mynanomd.com/,
Bou Brands ,https://bouforyou.com/,
Boudica Naturals,http://www.boudicashampoo.com/,
BOULART,http://www.boulart.com/,
Brad’s Raw Foods,https://bradsplantbased.com/,
Brass Roots,https://brassrootsfood.com/,
Bread SRSLY,http://www.breadsrsly.com/,
Brentwood Home - Crystal Cove Collection,https://www.brentwoodhome.com/pages/crystal-cove-collection,
Bridge Bar Bridge Foods,http://www.budibar.com/,
Briogeo Hair,http://www.budibar.com/,
Brittle and Beyond,http://www.brittleandbeyond.com/,
Brizo Dressing,https://www.brizodressing.com/,
Bronco Wine Company,http://www.broncowine.com/,
Brooklyn Whatever,http://brooklynwhatever.com/,
Bua Organics,http://buaorganics.com/,
Bubbies Homemade Ice Cream,http://www.bubbiesicecream.com/,
Bugs4Change,http://www.ladybugjane.com/,
BumblerBar,http://www.bumblebar.com/,
Bunnie Cakes,http://www.bunniecakes.com/,
By Rosie Jane,https://byrosiejane.com/,
BYLT,http://www.drinkbylt.com/,
Byte Bars,https://www.bytebars.com/,
CaCoCo,http://www.coracoconfections.com/,
Caesar’s Organic Pasta,http://www.caesarspasta.com/,
Caffé Cosmetics,http://www.caffecosmetic.com/,
California Lavash,http://www.californialavash.com/,
Cannabliss Organic,http://www.cannablissorganic.com/,
Capsugel,http://www.capsugel.com/,
CareFast Products,http://www.carefast.com/,
Carla's Pasta,http://www.carlaspasta.com/,
Cedal,http://www.cedeloralcare.com.au/,
Cedar Bear,http://www.cedarbear.com/,
Cedar Health Science (Pressureze),http://www.pressureze.com/,
Cedar’s Mediterranean Foods,http://www.cedarsfoods.com/,
"Celsius, Inc.",http://www.cedarsfoods.com/,
Cha Cha Vegan,http://www.chachavegan.com/,
Chaga Muga Super Food Teas,http://www.chagamuga.org/,
Chaps Lifestyle,https://chapslifestyle.com/,
Charlie's Sorbet Co.,https://www.charliessorbet.com/,
Charlotte Cook Cosmetics,https://www.charliessorbet.com/,
Charm School Chocolate,https://www.charliessorbet.com/,
Cheeky Cha Cha and Blowpaste,http://www.cheekychacha.com/,
"Chef Roberts, LLC",http://www.chefrobertsdirect.com/,
ChemiSource/MRM,http://www.mrm-usa.com/,
"Chickpea and Olive, Inc",http://www.chickpeaandolive.com/,
Chill Pop Shop,http://www.chillpopshop.com/,
Chlorophyll Water,http://www.chlorophyllwater.com/,
Choose Life Foods,https://chooselifefoods.com/,
"Chosen Foods, Inc.",https://chosenfoods.com/,
Christie's Chips LLC,https://www.christieschips.com/,
Clavey Vineyards and Winery,http://www.claveywine.com/,
Clean South,http://www.cleansouthla.com/,
CleanCandy,https://www.kickstarter.com/projects/cleancandy/cleancandy-organic-and-fair-trade-hard-candy-sugar/video_share,
ClearFast,https://drinkclearfast.com/,
Coates Vineyards,http://www.coatesvineyards.com/,
cocokind ,http://www.cocokind.com/,
Cocolivo Canada,http://www.cocolivo.com/,
Coconut Bliss,https://coconutbliss.com/,
Coconut Coast Natural Products,http://www.ccnphawaii.com/,
"Comanzo & Co. Specialty Bakers, Inc",http://www.comanzo.com/,
Comensoli Foods,http://www.comensolifoods.ca/,
CompletEats,https://www.completeats.com/,
Concentrated Aloe,https://www.completeats.com/,
Conexión Chocolate,https://www.conexionchocolate.com/,
Conscious Step,https://consciousstep.com/,
Cook's Gluten-Free Sourdough,http://www.cooksglutenfreesourdough.com/,
Cookies Con Amore,http://www.cookiesconamore.com/,
Cool Beans,https://www.eatcoolbeans.com/,
Core Foods,https://www.corefoods.com/,
Corked!,https://corked.com/,
Cracked Candy,http://www.crackedcandy.com/,
Craize Corn,https://gocraize.com/,
Crate 61 Organics,http://www.crate61.com/default.asp,
Crazy Rumors,http://www.crazyrumors.com/,
Cumberland Packing Corp.,http://www.cpack.com/,
Cyanotech,http://www.cyanotech.com/,
Cybele’s Free to Eat,http://www.cybelesfreetoeat.com/,
Daily Dry Shampoo,https://dailydryshampoo.com/,
Daiya Foods,http://www.daiyafoods.com/,
darci by Di Caprio Cosmetics,http://www.darcibydicaprio.net/,
Davis Chocolate,http://www.davischocolate.com/,
DedCool,https://dedcool.com/,
DeeBee’s Organics,http://www.deebeesorganics.com/,
Deland Bakery,http://www.delandbakery.com/,
Delilah Home,https://delilahhome.com/,
Dembaako Foods,https://dembaakofoods.com/,
Dentissimo,https://dentissimo.dental/,
Dermalogica,https://www.dermalogica.com/,
Designer Protein,http://www.designerwhey.com/,
DeVita Natural Skin Care,http://www.devitaskincare.com/,
Do Vitamins,http://www.dovitamins.com/,
Domaine Sante,https://domaine-sante.com/,
Domino Foods – Florida Crystals,http://www.floridacrystals.com/,
Down to Earth,https://drinkdowntoearth.com/,
Dr. Bronner’s Magic Soaps,http://www.drbronner.com/,
Dr. Lucy’s LLC,http://www.drlucys.com/,
Dr. McDougall’s Right Foods,http://www.rightfoods.com/,
Dr. Praeger’s Sensible Foods,http://www.drpraegers.com/,
Drake's Organic Spirits,https://www.drakesorganicspirits.com/,
Earth Balance,http://www.earthbalancenatural.com/,
Earth Circle Creations,http://www.earthcirclecreations.com/,
EASTERN KINGDOM ,http://easternkingdomnyc.com/,
Eat Me Ice Cream,http://www.eatmeicecream.com/,
Eaton Hemp,https://eatonhemp.com/,
EcoGenics,http://www.eat-pops.com/,
EFFi Foods,https://www.effifoods.com/,
Element ,http://www.elementsnacks.com/,
Elevate Nutrition,http://www.elevatenutrition.com/,
Eliza’s Quest Foods/Postum,http://www.postum.com/,
Emani ,http://www.emani.com/,
Embocaps,https://www.embocaps.com/,
Emmy’s Organics,http://www.emmysorganics.com/,
Endangered Species Chocolate Company,http://www.chocolatebar.com/,
Enjoy Life Foods,http://enjoylifefoods.com/,
EntireTea,http://www.entiretea.com/,
Erinea Group,http://groupe-erinea.com/,
Essential Formulas,http://www.essentialformulas.com/,
Essential Living Foods,http://www.essentiallivingfoods.com/,
Ethical Wine and Spirits US,http://www.ethicalws.com/,
Evolve Protein Shake,https://www.drinkevolve.com/,
Excelsior Alchemy,https://www.excelsioralchemy.com/,
Export Ope’s LLC ,http://www.opes.biz/,
Extract Labs,https://www.extractlabs.com/,
Eyecheck,http://www.eyecheck.com/,
F&B Cosmetics,http://fandbcosmetics.com/,
Farm Dog Naturals,http://www.farmdognaturals.com/,
Fat Badger Bakery,http://www.fatbadgerbakery.com/,
Fergus Foods,http://www.nots-snacks.com/,
Festa Food Company,http://www.festafood.com/,
Fetch,https://www.extractlabs.com/product/cbd-for-pets/,
Fibergourmet,https://www.fibergourmet.com/,
Fig Food Company,http://www.figfood.com/,
Fire Cider,http://www.firecider.com/,
FIT Organic,http://www.fitorganic.com/,
fitppl,https://fitppl.com/,
FITZYS Chocolate,http://www.fitzysfoods.com/,
Fix Hot Sauce,https://www.fixhotsauce.com/,
Flamous Brands,http://www.flamousbrands.com/,
Flavor Train ,http://popzest.com/,
Florida Crystals Corporation,http://www.floridacrystals.com/,
Flourish Foods Company,http://flourishfoodsco.com/,
Fody Foods,https://www.fodyfoods.com/,
Food Creation Nation,https://proteinbarmix.com/,
Food Service Specialties,https://www.foodservicespecialties.com/,
Foodie Fuel,https://foodiefuel.com/,
Foods 2.0,http://www.sugar2pt0.com/,
Foods Alive,http://www.foodsalive.com/,
FoodTech International,http://www.veggiepatch.com/,
For The Biome,http://forthebiome.com/,
Forager Project,http://foragerproject.com/,
Fortify'd Naturals,http://www.fortifydnaturals.com/,
Frannie’s Gluten Free,http://www.franniesglutenfree.com/,
Frecious,https://www.frecious.com/,
Free Cookie Company,http://www.freecookieco.com/,
Freedom Bar,https://www.freedombar.com/,
Freekehlicious,http://www.freekehlicious.com/,
Freeland Foods/Go Raw,http://www.goraw.com/,
Fromonda,http://www.fromonda.com/,
Frost Cosmetics,http://www.frostcosmetics.com/,
Fruit bliss,http://www.fruitbliss.com/,
Future Bake Australia,http://futurebake.com.au/,
"Gabila Food Products, Inc",http://www.gabilas.com/,
Gaffney Foods,https://gaffneyfoods.com/,
Garcia De La Cruz,http://www.garciadelacruzoliveoil.com/,
Gardein,http://www.gardein.com/,
Garden of Life,http://www.gardenoflife.com/,
Gay Lea Foods Co-operative Limited,http://www.gaylea.com/,
Genexa LLC,https://www.genexahealth.com/,
Genius Juice,http://geniusjuice.com/,
German Bread Haus,http://germanbreadhaus.com/,
Get Fluffed Up,http://getfluffedup.com/,
Get Real Nutrition,http://www.getrealnutrition.com/,
GFoodZ,https://www.gfoodz.com/,
gimMe,https://gimmesnacks.com/,
Glean,https://liveglean.com/,
Glee Gum ,http://gleegum.com/,
Global Nature,https://www.gnorganic.com/,
Global Nature Australia,https://www.gnorganic.com/,
Glory By Nature,http://www.glorybynature.net/,
Gluten Free Klippy's,http://www.glutenfreeklippys.com/,
Go Macro,http://www.gomacro.com/,
GO Veggie!,http://www.galaxyfoods.com/,
Gobe Organics,http://www.gobeorganics.com/,
Gojai Beverages,http://www.gojai.com/,
Golden Barrel,https://www.goldenbarrel.com/,
Goli,https://goli.com/,
Good Greens,http://www.goodsnacks.com/,
Good Idea,http://goodideadrinks.com/,
Good Karma Foods,https://goodkarmafoods.com/,
Good State,http://www.goodstate.com/,
GoodSam,https://goodsamfoods.com/,
Got Matcha Premium Tea Co.,http://www.gotmatcha.com/,
"Graindrops, LLC",http://www.graindrops.com/,
GRAMAS,http://www.gramas.com.tr/,
Grants of Australia,http://www.grantsofaustralia.com.au/,
"Grateful Body, Inc.",http://www.gratefulbody.com/,
Green Banana Paper,http://www.greenbananapaper.com/,
Green Earth Alliance ,http://www.chiczausa.com/,
Green Foods Corporation,http://www.greenfoods.com/,
Green Girl Bakeshop,http://www.greengirlbakeshop.com/,
Green Valley Cleanser,https://www.greenvalleycleanser.com/,
Growing Roots,https://www.growingrootsfoods.com/,
GS Gelato and Desserts,http://www.gsgelato.com/,
Gujju Guys,http://www.gujjuguys.com/,
GURU Beverage,http://www.guruenergy.com/,
Haht Sahs,http://www.hahtsahs.com/,
Hail Merry,http://www.hailmerry.com/,
Hain Celestial-Yves Veggie Cuisine,http://www.yvesveggie.com/,
Hair Flash Color,http://www.hairflashcolor-shop.com/,
Halo Top,https://www.halotop.com/,
Hank's Protein Plus,http://hanksproteinplus.com/,
Harbar,http://www.harbar.com/,
Harmony Valley,http://www.harmonyvalleyfoods.com/,
Haven's Kitchen Sauces,http://www.havenskitchen.com/,
Hawaiian Ola,http://www.hawaiianola.com/,
Healing Home Foods,https://healinghomefoods.com/,
Health and Natural Beauty USA,http://www.hnbusa.com/,
Health King USA,https://www.usahealthking.com/,
Health-Ade LLC,http://www.health-ade.com/,
HealthForce Super Foods,https://www.healthforcesuperfoods.com/,
Healthy Choice Brand,http://www.healthychoice.com/,
Heather Foods,http://heatherfoods.com/,
HED Enterprises,http://www.hedpros.com/,
Heidi Ho Veganics,http://www.heidihoveganics.com/,
Heliae,http://www.heliae.com/,
Hellmann's,http://www.hellmanns.com/,
Herbal Destination,http://www.herbaldestination.com/,
Herban Cowboy,http://www.herbancowboy.com/,
Hexx Chocolate,http://www.hexxchocolate.com/,
High Point Creamery,http://www.highpointcreamery.com/,
HiKo,https://hikofoods.com/,
Hines Nut Company,http://www.hinesnutcompany.com/,
Hint Mint,http://hintmint.com/,
Hirt Fitness,http://www.thehirt.com/,
Hit The Shower,http://www.hittheshower.com/,
Holi Aioli,https://www.holiaioliusa.com/,
Holic,http://www.holicfoods.com/,
Holista Foods,https://www.holistafoods.com/,
Holistic Healing LLC,http://www.pur-shilajit.com/,
Hollender Sustainable/Sustain Condoms,http://www.sustaincondoms.com/,
"HomeFree, LLC",http://www.homefreetreats.com/,
HopTea,http://hoptea.com/,
How Delish HD,https://www.howdelishhd.com/,
Hu Products,https://hukitchen.com/,
Humming Hemp,http://www.humminghemp.com/,
Hurraw! Balm,http://www.hurrawbalm.com/,
Hustle Butter Deluxe ,http://www.hustlebutter.com/,
I AM Products LLC,http://www.thinkiam.com/,
I Can't Believe It's Not Butter!,https://www.icantbelieveitsnotbutter.com/products/vegan-spread/,
idrink,http://www.idrinkbeverages.com/,
Iguanas Burritozilla Comp.,http://burritozilla.com/,
Imperial Sugar,http://imperialsugar.com/,
IMURAYA USA,https://imuraya-usa.com/index.php,
Ingrilli Citrus,https://imuraya-usa.com/index.php,
Innate Organic Body,http://www.innateorganicbody.co/,
Innovative Beverage Concepts,http://www.modernoats.com/,
Integrity Cacao,https://integritycacao.com/,
Intrinsic Organics,https://www.intrinsicorganics.com/,
Intuitaste LLC,http://www.intuitaste.com/,
iRestore,https://www.irestorelaser.com/,
Irie Star,http://www.iriestar.com/,
ItzMade4Me,http://www.itzmade4me.com/,
J&K Hempworks,http://www.jkhempworks.com/,
JADA Spices,http://www.chickensalt.com/,
Jaivika Naturals,http://www.jaivikanaturals.com/,
Jardins de Carthage,https://www.jardinsdecarthage.com/,
Jeff’s Naturals,http://www.jeffsnaturals.com/,
Jewels of the Forest Farms,http://www.shroomjerky.com/,
Jimmy's Cookies,http://jimmyscookies.com/,
Johnny Concert,http://johnnyconcertglamour.com/,
Jonathan Products,http://www.jonathanproduct.com/,
JoySpring,https://joyspringvitamins.com/,
JSL Foods,http://jslfoods.com/,
Julia's Best Ever Inc,http://www.juliasbesteverinc.com/,
Jummy,http://www.getjummy.com/,
Jus By Julie,http://www.jusbyjulie.com/,
Just Desserts,http://www.justdesserts.com/,
Just Made Foods,http://www.justmadejuice.com/,
Ka-Pop Snacks,https://kapopsnacks.com/,
"Kaeng Raeng, Inc.",http://www.kaengraeng.com/,
Kafecandy,http://www.kafecandy.com/,
Kaitas Group International,http://www.kaitas.com/,
Kalena Sparkling Coconut Water,https://www.kalenasparkling.com/,
Karen Berrios,http://www.shopkarenberrios.com/,
Kat's Naturals,http://www.katsnaturals.com/,
Kav America,http://kavamerica.com/,
Keeko ,http://keekooil.com/,
Ken Wright Cellars,http://www.kenwrightcellars.com/,
Kester Black,http://www.kesterblack.com/,
KidsLuv Organics,https://kidsluv.com/,
Kitchen Table Bakers,http://www.thwroll.com/,
Kizandy,http://www.kizable.com/,
Klamath Valley Botanicals,http://www.klamathvalley.com/,
Klein’s Real Kosher Ice Cream Co Inc.,http://www.koshericecream.com/,
Koils By Nature,http://www.koilsbynature.com/,
KOKO KREM,http://kokokrem.com/,
Koochikoo,http://www.koochikoo.com/,
Kura Nutrition,https://kuranutrition.com/,
KVoss NYC,http://www.kvossnyc.com/,
L International,http://www.thisisl.com/,
La Megara,http://www.lamegara.com/,
La Rebelde Winery,http://www.larebeldewines.com/,
La Tapatia Tortilleria,https://www.tortillas4u.com/,
"La Vita Health Foods, LLC",http://www.lavitahealthfoods.com/,
Lafiya Foods,http://www.lafiyafoods.com/,
Laneige,https://us.laneige.com/,
Lashfood,http://lashfood.com/,
Lassonde,http://www.lassonde.com/,
Lebanese Kitchen,http://www.thegarlicsauce.com/,
Left Coast Raw,http://www.leftcoastraw.com/,
Legendairy Milk,https://www.legendairymilk.com/,
Lehi Mills,https://www.legendairymilk.com/,
Lekithos,http://www.lekithos.com/,
Life Foods,http://www.lifefoodsinc.com/,
LifeTree Manufacturing ,http://www.lifetreemfg.com/,
Lightlife Foods,http://www.lightlife.com/,
Lita's Mexican Foods,http://www.litasmexicanfoods.com/,
Little Paradise Farm,http://littleparadisefarm.com/,
Live for Tomorrow/LFT Group Brands Ltd.,http://www.lft-group.com/,
Live Love Pop,http://www.livelovepop.com/,
Live Ultimate,http://www.liveultimate.com/,
LivWell,http://www.livwellnutrition.com/,
"LJ LaRocca, Inc.",http://www.laroccaskincare.com/,
LOA Skin,https://loaskin.com/,
Loca Foods,https://www.eat-loca.com/,
LONDONTOWN,http://www.londontownusa.com/,
Love Beauty and Planet,https://www.lovebeautyandplanet.com/us/en/home.html,
Love Corn ,https://lovecorn.com/,
Love Dirty,http://lovedirty.com/,
Love Grace,http://www.lovegracefoods.com/,
Love Home and Planet,https://www.lovehomeandplanet.com/us/en/home.html,
Love Some Tea,http://www.lovesometea.com/,
LOVEBYT,http://www.lovebyt.com/,
Loving Earth,http://www.lovingearth.net/,
Lucky Foods,https://luckyfood.com/,
LUHV FOOD,http://www.luhvfood.com/,
Luke’s Organic,http://www.lukesorganic.com/,
Lyfe Blends,http://www.lyfeblends.com/,
Macro Mike,https://macromike.com.au/,
Madame Lemy,https://www.madamelemy.com/,
Made Good,https://madegoodfoods.com/us/products/granola-bars/,
Made Of,http://www.madeof.com/,
Madison Soap Company,http://www.madisonsoapcompany.com/,
Magnum Ice Cream,https://www.magnumicecream.com/us/en/products/icecream-bars/non-dairy-classic-bar.html?utm_medium=cpc&utm_source=google&utm_campaign=Always%20On_CN000557_LV5_CF1526_BF0543_US_Brand-Product-Non-Dairy-BMM%20+non%20+dairy%20+magnum&gclid=EAIaIQobChMIpOH8lcCi4QIVRR6GCh0FTgTfEAAYASAAEgJwvvD_BwE,
Maison le Grand,http://www.maisonlegrand.com/,
Majka,http://www.lovemajka.com/,
Making Mindful Manna,https://makingmindfulmanna.com/,
Malibu Mylk,https://www.malibumylk.com/,
Mama Jess,http://www.mamajess.com/,
Mamonde,http://us.mamonde.com/,
Manoba Vegan Food,http://www.manoba.us/,
Manolo's Best Farmstand Chili,https://manolosbestchili.com/,
Maple Grove Farms,http://www.maplegrove.com/products/dressings,
Maple Holistics,http://www.mapleholistics.com/,
Mareblu Naturals,http://www.180snacks.com/,
Margaret River Tempeh,http://www.mrtempeh.com/,
Marge Granola,http://www.margegranola.com/,
Marquis Beverages,http://www.drinkmarquis.com/,
Mary’s Gone Crackers,http://www.marysgonecrackers.com/,
Max Green Alchemy,http://www.maxgreenalchemy.com/,
Maxine’s Heavenly Vegan Cookies,http://www.maxinesheavenly.com/,
Mechaly,http://mechaly.com/collections/skully,
Megafood,http://www.megafood.com/,
MeL-Co,http://www.mel-co.com/,
Mementa Inc.,http://www.mementa.net/,
"Mercola/Health Resources, LLC",http://www.mercola.com/,
meringueshop,http://www.meringueshop.com/,
Merry Hempsters,http://www.merryhempsters.com/,
Metta Handmade,http://mettahandmade.com/,
Michele's Goji Berry Granola,http://www.michelesgojiberrygranola.com/,
Michele's Granola,http://www.michelesgranola.com/,
Midori Spring,http://www.midorispring.com/,
Mikey's,https://www.mikeysmuffins.com/,
Miller Baking Company – Pretzilla,http://www.pretzilla.com/,
Ming Fai Quality Amenities,http://mingfaigroup.com/,
Miracle Noodle,http://www.miraclenoodle.com/,
Mishti Chocolates,https://mishti-chocolates.com/,
Modern Oats,http://www.modernoats.com/,
Modern Pop,http://themodernpop.com/,
Modern Table,https://www.moderntable.com/,
Mola Foods,http://www.molafoods.com/,
Molly’s Suds,http://www.mollyssuds.com/,
Molson Coors Canada,http://www.molsoncoors.com/en,
Mom's Modern Mixes,http://momsmodernmixes.com/,
Mom’s Organic Munchies,http://www.momsorganicmunchies.com/,
Mompops,http://www.mompops.net/,
Mother Kombucha,http://www.motherkombucha.com/,
Mountain Girl Soap & Sundries,http://www.mountaingirlsoap.com/,
Mouthwatering Raw MPWR Skincare,http://www.mpwrskincare.com/,
Mr. Pesto,http://www.mrpesto.net/,
MUD WTR,http://www.mudwtr.com/,
Munk Pack,http://www.munkpack.com/,
Muskaan,https://www.muskaanmakeup.com/,
My Eco Sponge ,http://www.myecosponge.com/,
My Favorite Indulgence,http://www.myfavoriteindulgence.com/,
My Magic Mud,https://www.mymagicmud.com/,
Nail'd At Tiffany's,http://www.naildattiffanys.com.au/,
NAIWBE – Natural As I Wanna Be,http://www.naiwbellc.com/,
Naked Earth,https://www.lovenakedearth.com/,
Naked Nutrition,http://www.nkdnutrition.com/,
NARI Skincare,http://www.nariskincare.com/,
Nashville Dog Company,http://www.nashvilledogcompany.com/,
NAT-A-TAT-2,http://nat-a-tat2.com/,
National Foods Packaging,http://www.nationalfoodsonline.com/,
National Pasta,http://nationalpasta.com/,
Naturade,http://www.naturade.com/,
"Natural and Tasty, LLC",http://www.naturalntasty.com/,
"Natural Food Ingredients, Inc./Noour Inc.",http://www.nfi-america.com/,
Natural Force,https://naturalforce.com/,
Natural Nectar,http://www.natural-nectar.com/,
Natural Sins,http://www.naturalsinsonline.com/,
Natural Vitamins Laboratory,http://www.nvlabs.com/,
Naturally Clean Eats,https://naturallycleaneats.com/,
"Naturally Me, LLC",http://www.naturallyme.us/,
Naturally No More Nits,http://www.naturallynomorenits.com.au/,
Nature By Design,http://www.mynaturebydesign.com/,
Nature's Cane,http://www.naturescane.com/,
Nature's Way,http://www.naturesway.com/,
Nature’s Bakery,http://www.naturesbakery.com/,
Nature’s Inventory,http://www.naturesinventory.com/,
Nature’s Sunshine Products,http://www.naturessunshine.com/,
Naturepedic,http://www.naturepedic.com/,
Nekta,http://www.nekta.com/,
Nestle,http://www.verybestbaking.com/,
Neurogan,https://www.neurogan.com/,
New Frontier Foods ,http://www.oceanshalo.com/,
Newell Farmlands,https://www.newellfarmlands.com/home/,
NewFields,https://newfieldscheese.com/,
Next Door Wine ,https://www.nextdoorwine.com/,
NibMor,http://www.nibmor.com/,
Niloofar,https://www.niloofarmix.com/,
Nomz,https://nomz.ca/,
Nonna Maresca,https://www.nonnamaresca.com/,
NOOMA,https://drinknooma.com/,
Nora's,https://www.norasnondairy.com/,
North Coast Organics,http://www.northcoastorganics.net/,
North River Dry Goods,http://www.northriverdrygoods.com/,
Nosh Bar,https://noshbars.com/,
Nothin' But,http://nothinbutfoods.com/,
Nude + Noir Cosmetics,http://www.nudeandnoircosmetics.com/,
NuGo Nutrition,http://www.nugonutrition.com/,
Nummy Nibbles,https://www.nummynibbles.com/,
Nuria,http://nuriabeauty.com/,
Nutiva,http://www.nutiva.com/,
Nutraceutical Corp/Veglife,http://www.nutraceutical.com/,
Nutraholics,http://www.nutraholicshealth.com/,
Nutraland USA,http://www.nutralandusa.com/,
Nutrex-Hawaii,http://www.nutrex-hawaii.com/,
Nutri D'Light,http://www.nutridlight.com/,
NutriGold,http://www.nutrigold.com/,
Nutrition 53,http://www.nutrition53.com/,
NuTru Inc.,http://www.nutru.com/,
Nuts for Cheese,http://nutsforcheese.com/,
Nuttee Bean Co.,http://www.nutteebean.com/,
Nuttiva,https://nuttvia.com/,
Nutty Goodness,http://www.nuttygoodness.com/,
O-Teas,http://www.o-teas.com/,
Oat Canada,http://www.oatcanada.com/,
Oatly,http://www.oatly.com/,
OCHO Candy,http://www.ochocandy.com/,
October Fields,https://www.octoberfields.com/,
Ohh Products,http://www.ohproducts.com/,
Ohi Food Co,http://www.ohifoodco.com/,
Ola! Foods,http://www.olafoods.com/,
Old Mill General Store- Nooga Corn,https://oldmillcopacking.com/,
Oliflix,https://keyelementals.com/password,
Olive My Pickle,http://www.olivemypickle.com/,
Oliver Thomas ,http://www.theoliverthomas.com/,
OmniFoods,http://www.omnipork.co/,
One Culture Foods,http://www.oneculturefoods.com/,
One Planet Foods,http://www.oneplanetgranola.com/,
Ora Organic,http://www.ora.organic/,
Orasana,http://www.orasana.com/,
Orga Foods,http://www.orga-foods.com/,
Orgain,http://orgain.com/,
Organic Bread of Heaven,http://www.organicbreadofheaven.com/,
Organic Gemini,http://www.organicgemini.com/,
Organic Vegan Superfoods ,http://organicvegansuperfoods.com/,
Organicville,http://www.organicvillefoods.com/,
Oriya Organics,http://www.oriyaorganics.com/,
OWYN,https://liveowyn.com/collections,
Ozuke,http://www.ozuke.com/,
"Pacific Snack, Inc - Dardimans",https://dardimans.com/,
Paint Nail Lacquer,http://www.paintnaillacquer.com.au/,
Pallas Athene Soap,http://www.pallasathenesoap.com/,
Pan De Oro Tortilla Chips,http://www.pandeoro.com/,
Panco Foods,https://pansmushroomjerky.com/,
Paqui Tortillas,http://paqui.com/,
Partake Foods,http://www.partakefoods.com/,
Party Sloth,http://www.partysloth.co/,
PASCALYNA,https://pascalyna.ca/,
Peak Foods,http://www.peakfoods.com/,
Peanut Butter & Co.,http://www.ilovepeanutbutter.com/,
Peloton Cold Brew,http://pelotoncoldbrew.com/,
Penta5 USA,http://www.penta5usa.com/,
perfectlyfree,http://www.perfectlyfree.com/,
Petcurean,http://www.petcurean.com/for-dogs/gather/,
PharmDuo,http://www.pharmduo.com/,
Phyter,http://www.phyterfood.com/,
PilotsFriend,http://pilotsfriend.ca/,
Pink House Chocolates,http://www.thepinkhouse.biz/,
Piperwai Natural Deodorant,https://www.piperwai.com/,
Pipsnacks,http://www.pipsnacks.com/,
PLANTED IN BEAUTY by WELL WITHIN,http://www.wellwithinbeauty.com/,
Pleni Naturals,https://pleninaturals.com/,
Plume Science,http://www.plumescience.com/,
Positive Energy Beverages,http://www.drinkpositiveenergy.com/,
Pour le Monde Parfums,http://www.pourlemondeparfums.com/,
Prabhuji’s Gifts,http://prabhujigifts.com/,
PRANA ON,http://www.pranaon.com.au/,
Pranayums,https://www.pranayums.com/,
Pravana,http://www.nevocare.com/,
Pressology,https://pressologyskin.com/home,
Pride Enjoy,http://www.pride-enjoy.com/,
"Pristine Recovery, Inc. Project Healthy Living",http://www.aloha.com/,
Prommus,http://www.prommus.com/,
Province Apothecary,http://provinceapothecary.com/,
Pulmuone Foods,http://www.wildfoods.com/,
Puna Noni,http://www.nonialoha.com/,
Pura Botanica,https://www.purabotanica.com/,
PURA Smoothie Pure and Essential Minerals,http://www.puressmin.com/,
Pure Batch,http://www.pure-batch.com/,
Pure Bites,http://www.purebitessnacks.com/,
Pure Blends Brands,https://www.pureblendsbrand.com/,
Pure Brother Co.,http://www.purebrother.com/,
Pure Fluff Co.,http://www.purefluffco.com/,
Pure Nut Mylk,https://www.purenutmylk.com/,
Pure Ratbag,http://www.pureratbag.com.au/,
Pureceuticals Skin Care,http://www.pureceuticalsskincare.com/,
Purely Elizabeth,http://www.purelyelizabeth.com/,
Quoc Viet Foods,http://www.quocviet.com/,
R.A.W. Real and Wonderful ,http://www.realandwonderful.com/,
R3vitalize Tattoo Care ,http://www.r3vitalize.com.au/,
Rachel's Cosmic Cuisine ,http://www.rachelscosmiccuisine.com/,
Ratio Cocoa Roasters ,http://www.ratiococoa.com.au/,
Ratio Cocoa Roasters,https://ratiococoa.com.au/,
Raw Baby ,https://rawbabyfoods.com/,
Raw Energy and Life Foods ,http://www.rawenergyandlife.com/,
Raw Food Central ,http://www.rawfoodcentral.com/,
Raw Green Organics ,http://www.rawgreenorganics.com/,
Raw Integrity Chocolates,http://www.rawintegritychocolates.com.au/,
Rawcology,https://rawcology.com/,
Rawpothecary,http://www.raw-pothecary.com/,
Real Bar ,https://www.organicrealbar.com/,
Real Food From The Ground Up,https://www.fromthegroundupsnacks.com/,
Real Nutra,https://www.fromthegroundupsnacks.com/,
Realher,https://www.realher.com/,
Reine,https://www.reinevegancuisine.com/,
Reliance Vitamin Company,http://www.reliancevitamin.com/,
Relief Brand,https://www.reliefbrand.com/,
Renee's Skin Care Replenology,http://www.replenology.com/,
Resqwater,https://www.resqwater.com/,
Reveri Rich Foods Company,http://www.richfoodscompany.com/,
Rhythm Superfoods,https://rhythmsuperfoods.com/,
Richardson Milling,https://www.richardson.ca/our-business/richardson-milling/,
Richardson Oilseed Products Limited,http://www.richardson.ca/,
Richardson Oilseed ,https://www.richardson.ca/our-business/richardson-oilseed-packaged-products/,
Rickaroons,http://www.rickaroons.com/,
Riley's Organics,http://www.rileysorganics.com/,
RIPE Gelato,http://www.ripegelato.com/,
Rising Moon,http://www.risingmoon.com/,
Riverside Natural Foods,http://www.riversidenaturals.com/,
Rockin’ Wellness,https://rockinwellness.com/,
Rod Rotondi Enterprises,http://www.leaforganics.com/,
Rodelle,http://rodellekitchen.com/,
Rosarita,http://www.rosarita.com/,
Rose Hill Foods,http://www.rosehillfoods.com/,
Royal Foods,http://www.royaltahina.com/,
S’Better Farms,http://www.sbetterfarms.com/,
Sacred Foods,http://www.sacredchocolate.com/,
Salt Way (Vegan Skincare),http://www.salt-way.com/,
SALVE,http://www.salvenaturals.com/,
SaMMMies,http://www.nicecreamsammies.com/,
San Clemente Cookie Dough Company,http://www.sanclementecookiedough.com/,
San-J,http://www.san-j.com/,
Sandrine Riou Cosmetiques,https://sandrineriou.com/,
Sanre Organics Skincare,http://www.sanreorganic.com/,
Sans Wine Co.,https://sans-wine-co.myshopify.com/,
Santa Fe Soap Company,http://www.santafesoaps.com/,
Sarah’s Skinny Sweets,http://www.glutenfreecookies.org/,
Sayblee LLC,http://www.saybleeproducts.com/,
Schmidt's Naturals,https://schmidtsnaturals.com/,
"SDDS, Inc.",http://www.mindfulnesspure.com/,
Sea Witch Botanicals,http://www.seawitchbotanicals.com/,
Seaside Medical Technologies,https://www.seasidemedicaltech.com/,
SecondSkin,http://www.secondskin.ink/,
Seriously FAB,https://seriouslyfab.com/,
SETBAR,https://www.setbars.com/,
Seventeen70 Botanicals,https://seventeen70botanicals.com/,
SexyPop/Vegan Rob's Snacks,http://www.sexypop.us/,
Shauce Co.,http://www.shauce.com/,
Sienna Byron Bay,http://www.siennabyronbay.com.au/,
Silky Polish,http://www.silkypolish.com/,
Simkha Beauty ,https://www.simkhaproduct.ca/,
Simple Sense,http://www.simplesensenow.com/,
Simply Gum,http://www.simplygum.com/,
Simply Sharon’s,http://www.mealsthatheal.net/,
Simply Suzanne,http://www.simplysuzanne.com/,
Sinfull Bakery,http://www.sinfullbakery.com/,
Sir Kensington's,http://www.sirkensingtons.com/,
Sirabella's Vegan Cheesecake,http://vegancheesecake.net/,
Siren Snacks,http://www.sirensnacks.com/,
Skinny Souping,https://www.skinnysouping.com/,
SkinnybyTara,http://www.skinnybytara.com/,
SkinnyCo,http://www.skinnyco.com/,
SkinnyGirl Dressing,https://www.skinnygirldressings.com/,
SkinnyPop Popcorn,http://skinnypop.com/,
SkinnySponge,http://www.skinnysponge.com/,
Skinsei,https://skinsei.com/collections/products,
Skull & Cakebones,http://www.skullandcakebones.com/,
Skwiik,http://www.skwiik.ca/,
Sky Valley Foods ,http://skyvalleyfoods.com/,
Skytree Naturals LLC.,http://www.skytreenaturals.com/,
Small Seed Bar,http://www.smallseedbar.com/,
Smart Pressed Juice,http://www.smartpressedjuice.com/,
Smartbite Snacks,https://www.smartbitesnacks.com/,
SmartVine,https://smartvinewine.com/,
Smoky Mountain Naturals,https://smokymountainnaturals.com/,
SnapFit,http://www.snapfit.com/,
Sneaky Pete’s Beverage,http://www.sneakypetesbeverage.com/,
Snowflakes Candy,https://snowflakescandy.com/,
So Delicious Dairy Free,http://sodeliciousdairyfree.com/,
"Soap Alchemy, LLC",http://www.soapalchemy.com/,
Soap Goddess,http://www.soapgoddess.com/,
Sofrito Foods,http://www.cocinadefillo.kitchen/,
Sola Look,http://www.solalook.com/,
Soleil Foods,https://www.soleilfoods.com/,
Soluzione Spa Products,http://www.soluzionespaproducts.com/,
Somersault Snack Co.,http://www.somersaultsnackco.com/,
Soozy's Grain-Free,https://soozysgrainfree.com/,
Soul Vegetarian,http://www.dreamkream.com/,
Soup Bases Loaded,http://www.soupbasesloaded.com/,
Southeastern Mills,http://www.betterthanbouillon.com/,
"Soyummi,LLC",http://www.soyummi.com/,
SpaceBars Ice Creamery,http://www.spacebars.com.au/,
Spectrum Organic Products,http://www.spectrumorganics.com/,
Spice Rack Chocolates,http://www.spicerackchocolates.com/,
Spicemode,http://www.spicemode.co/,
SpiraVeg,http://www.spiraveg.ca/,
Spirit Tattoo Products,http://spirittattooproducts.com/index.html,
Spirulina4Life,http://spirulina4life.com/,
Spoon Optional,http://www.spoonoptionalsoup.com/,
Sports Research Corporation,http://www.sportsresearch.com/,
Sprout Living ,http://www.sproutliving.com/,
Spudsy,https://spudsy.com/,
Spun Paradise Cotton Candy Co.,http://www.spunparadise.com/,
Sri Lanka Gold,http://www.srilankagoldcoconut.com/,
Star View Farm,http://starviewfarmltd.com/,
START Sauce,http://www.hotcurrysauce.com/,
Stickling’s Bakery,http://www.sticklingsbakery.com/,
Stonyfield Organic,http://www.stonyfield.com/,
Stremicks Heritage Foods,http://www.8thcontinent.com/,
StressLess Natural Solutions,http://www.stresslessnaturalsolutions.com/,
Sugar Plum Desserts,https://www.sugarplumdesserts.com/,
Sulpice Chocolat,http://www.sulpicechocolat.com/,
Summer J. Pops,http://ilovesummerj.com/,
Sun & Swell Foods,https://sunandswellfoods.com/,
Sun Seasoned Raw Foods,http://www.sunseasonedrawfoods.com/,
Sunny Fruit,https://sunnyfruit.com/,
Superior Switchel Company,https://superiorswitchel.com/,
Surya Brasil,http://www.suryabrasilproducts.com/,
Sustainable Indulgence,http://sustainableindulgence.com/,
SWAP Foods,https://www.swapfoods.com/,
Sweet Anthem,http://www.sweetanthem.com/,
Sweet Life Treat,http://www.sweetlifetreat.com/,
Sweet Loren's,http://sweetlorens.com/,
Swiss Laboratory,https://www.swisslaboratory.com.au/,
Sydni Monique,http://www.sydnimonique.com/,
Taco Dippers,http://www.tacodippers.com/,
"Taft Foodmasters, LLC",http://www.taftfoodmasters.com/,
Tan Tan Foods,http://tantancafedeli.com/,
TASH Cosmetics,http://www.tashcosmetics.com/,
Taste of Nature Foods,http://www.tasteofnature.ca/,
Tasti,https://www.tasti.co.nz/,
"Tatapela, LLC",http://www.tatapela.com/,
Tattle,http://www.tattlewellness.com/,
Tea North,https://www.teanorth.ca/,
Teaology,http://www.teaology.com/,
Techno Foods Ingredients,http://www.techno-fi.com/index.aspx,
Temple Lifestyle,http://www.templelifestyle.com/,
Tessier Winery,https://www.tessierwinery.com/,
The Brown Crayon Project,https://thebrowncrayonproject.com/,
The Bu Kombucha,http://thebukombucha.com/,
The Divine Cupcake,http://www.divinecupcake.com/,
The Genius Brand,https://supplementsmarter.com/,
The Gluten Free Bar,http://www.theglutenfreebar.com/,
The Good Bar Soap,http://www.thegoodbarsoap.com/,
The Good Home Co.,http://www.goodhomestore.com/,
The Healthy Beverage Company/Steaz,http://www.steaz.com/,
The Healthy Crunch Company,http://www.healthycrunch.com/,
The Honest Stand,http://www.thehoneststand.com/,
The Inspired Cookie,http://www.theinspiredcookie.com/,
The Konery,http://www.thekonery.com/,
The Meatball Shop,http://shop.themeatballshop.com/collections/frontpage/products/classic-tomato-sauce,
The Natural Biotic,http://www.thenaturalbiotic.com/,
The Natural Citizen,https://www.thenaturalcitizen.com/,
"The Natural Whole Food Bar, Inc.",http://www.thenaturalbar.com/,
The Orange Owl,http://www.theorangeowlshop.com/,
The Paleo Factory,http://thepaleofactory.com/,
The Piping Gourmets,http://www.thepipinggourmets.com/,
The Pure Candle,http://thepurecandle.com/,
The Real McCoy Rum,http://www.realmccoyspirits.com/,
The Right to Shower,https://www.therighttoshower.com/product-category/products,
The Slush Naturals Company,http://www.slushnaturals.com/,
The Vegan Vine Wines – Clos LaChance,http://www.theveganvine.com/,
The Vine,https://www.foodsofthevine.com/,
The Wing Eyeliner,http://www.thewingeyeliner.shop/,
Theoderma,https://theodermaskincare.com/password,
Therepe Organics,http://www.candlebay.com/,
Therianthropy,https://therianthropy.wine/,
This Pie is Nuts!,http://www.thispieisnuts.com/,
Tinajita,http://www.vegallia.com/,
"Tio Foods, LLC",http://www.tiogazpacho.com/,
Tolerant,http://www.tolerantfoods.com/,
Tommy’s Foods ,http://www.tommysfoods.com/,
Top Shelf Beverages,http://www.clearlykombucha.com/,
Travel Chocolate,http://www.travelchocolate.com/,
Treasure Trove,https://treasuretrovesnacks.com/,
Tribe 9 Foods,http://www.tribe9foods.com/,
Tribe Mediterranean Foods,https://www.tribehummus.com/,
Tribe MedTrinity Fruit Company,https://www.trinityfruit.com/,
Trinity Frozen Foods,https://www.trinityfrozenfoods.com/,
True Health Snacks,http://www.truehealthsnacks.com/,
True North Snacks,http://truenorthsnacks.com/,
TRUFF Hot Sauce,https://truffhotsauce.com/,
Trulee Foods,http://www.truleeco.com/,
TRUMATCHA,https://trumatchatea.com/,
Truth Aesthetics,http://www.truthaesthetics.com/,
Truvani ,https://www.truvani.com/,
TRUWOMEN,https://www.truwomen.com/,
Tuanis Chocolate,https://www.tuanischocolate.com/#home,
Tubify,http://www.tubify.ca/,
Turano Baking Co.,https://turano.com/,
Turmeric Latte Mix,https://turmericlattemix.com/,
Turtle Mountain,http://www.turtlemountain.com/,
Tutti Gourmet,http://www.tuttigourmet.com/,
TUVUNU LLC.,http://www.tuvunu.com/,
Twenty1,https://twenty1.ca/,
Twin Springs,https://www.twinspringsco.com/,
Twinlab,http://www.twinlab.com/,
Two Fold Foods,http://www.twofoldfoods.com/,
Ugly Brands,https://uglydrinks.com/,
uh*Roh*Muh,http://www.uhrohmuh.com/,
Ultima Health Products ,http://www.ultimareplenisher.com/,
Unisoy,https://unisoyjerky.com/,
Univera,http://www.univera.com/,
UnReal Candy,http://getunreal.com/,
Urban Expressions,http://www.urbanexpressions.net/,
Urbavore Boom Burger,http://www.urbavorekitchen.com/,
Utzy Naturals,http://www.utzy.com/,
Van Leeuwen Artisan Ice Cream,http://www.vanleeuwenicecream.com/,
Vana Life Foods,http://vanalifefoods.com/,
Veg Valley,http://www.vegvalley.com/,
Vega,http://www.myvega.com/,
Vegan Burger,https://www.veganburgermix.com/,
Vegan Essentials,http://www.veganessentials.com/,
Vegan Hemp Wick Company,http://www.veganhempwick.com/,
Veganic Choice Microfarms,http://www.veganicchoice.com/,
Veganly Vitamins,https://veganlyvitamins.com/,
Vegaron,http://www.vegaron.com/,
Vegetarian Gourmet,http://www.vegetariangourmet.com/,
Vegetarian Traveler,http://www.vegetariantraveler.com/,
Veglife,http://www.nutraceutical.com/,
Vegun Nutrition,http://www.vegunnutrition.com/,
Velmaxx Enterprises,http://nonoseeum.com/,
Venus Wafers,http://www.venuswafers.com/,
Verb Energy,https://www.verbenergy.co/,
VerJus Essentials,http://www.verjusessentials.com/,
Veyali,https://veyali.com/,
"Vibrant Health Products, Inc.",http://www.vibranthealthproducts.com/,
Vibrant Health,http://www.vibranthealth.us/,
Victoria Fine Foods,http://www.victoriafinefoods.com/,
Vin Bon,https://www.vinbon.com/,
Viso Energy,https://visoenergy.com/,
Vita Coco,http://www.vitacoco.com/,
Vital Root,http://www.vitalroot.com/,
Vitamin Friends,http://www.vitaminfriends.com/,
VitaminSea Seaweed,http://www.vitaminseaseaweed.com/,
VitaThinQ,http://www.vitathinq.com/,
Vive Organic,http://www.vive-organic.com/,
VIVRI,https://vivri.com/productos-vivri-en/,
Vixen Kitchen,http://vixenkitchen.co/,
Vogue Cuisine,http://www.voguecuisine.com/,
Vor,https://www.vorfoods.com/,
VOS,http://www.vosflips.com/,
VPA Australia,http://www.vpa.com.au/,
VYBES,https://idrinkvybes.com/,
WANU Water,http://wanuwater.com/,
Warm,http://experiencewarm.com/,
Waterloo Sparkling Water,https://www.drinkwaterloo.com/,
We Eat Foods,http://www.weeatfoods.com/,
Well-In-Hand,http://www.wellinhand.com/,
Wellements,http://www.wellements.com/,
Welltiva,https://www.welltiva.com/,
Western Sugar Cooperative,http://www.westernsugar.com/,
Whistler’s Lips Lipbalm,http://www.whistlerslips.com/,
Wild Bliss Organics ,https://wildblissorganics.com/,
Willa's,http://www.willaskitchen.com/,
Willamette Valley Vineyards,https://www.wvv.com/,
Willow's Wonders,https://www.willowswonderscookies.com/contact,
Willy's Salsa,http://www.willyssalsa.com/,
Woods and Whimsy,https://www.woodsandwhimsy.com/,
Woodstock Herbal Products,http://www.woodstockherbalproducts.com/,
Woof-It Healthy Dog Treats,http://www.woof-it.com.au/,
Workvie,http://www.workvie.com/,
WOW Skin Sciences,http://wowessentialoils.com/,
Wren Natural,http://www.wrennatural.com/,
XO Mints,http://www.xomints.com/,
Xochitl,http://www.salsaxochitl.com/,
Xyrena,https://xyrena.com/,
Yellowfruit,http://www.yellofruit.com/,
Yez! Foods,https://www.yezfoods.com/,
You Love Fruit,http://www.youlovefruit.com/,
Young Scent,http://www.youngscent.com/,
Yves Malboeuf Custom Work Inc,http://www.ymcwtopsoil.com/index.php/en,
"Zanon USA, Inc. d.b.a. Vitamec USA, Inc.",http://www.mrtumee.com/,
Zelda’s Sweet Shoppe,http://zeldas.net/,
Zellee Organic,http://www.zellee.com/,
Zema’s Madhouse Foods,http://www.zemasfoods.com/,
Zen Spirit,https://www.zenspiritfoods.com/,
Zenja,http://www.zenjahealth.com/,
Zestos,https://zestosfoods.com/,
"Zrii, LLC",http://www.zrii.com/,
Zulka Pure Cane Sugar,http://zulka.com/,
