ByChari,Jewelry,https://bychari.com/
Hanahana Beauty,Skin Care,https://www.hanahanabeauty.com/
Epara Skincare,Skin Care,https://www.eparaskincare.com/
Base Butter,Skin Care,https://www.basebutter.com/
Buttah Skincare,Skin Care,https://www.buttahskin.com/
Aba Love Apothecary,Skin Care,https://www.abaloveapothecary.com/
Mary Louise Cosmetics,Cosmetics,https://www.mymarylouise.com/
Beneath Your Mask,Skin Care,https://beneathyourmask.com/
Epi.Logic,Skin Care,https://www.brooklynfaceandeye.com/epilogic-skincare
Black Girl Sunscreen,Skin Care,https://www.blackgirlsunscreen.com/product/black-girl-sunscreen-spf-30/
Lauren Napier Beauty,Skin Care,https://www.laurennapier.com/
Golde,Skin Care,https://golde.co/
Fenty Beauty,Cosmetics,https://www.fentybeauty.com/
Uoma Beauty,Cosmetics,https://uomabeauty.com/
The Lip Bar,Cosmetics,https://www.thelipbar.com/
Mented Cosmetics,Cosmetics,https://www.mentedcosmetics.com/
AJ Crimson Beauty,Cosmetics,https://ajcrimson.com/
Beauty Bakerie Makeup,Cosmetics,https://www.beautybakerie.com/
Pat McGrath Labs,Cosmetics,https://www.patmcgrath.com/
Danessa Myricks,Cosmetics,https://www.danessamyricksbeauty.com/
Briogeo,Haircare,https://briogeohair.com/
Taliah Waajid,Haircare,https://naturalhair.org/
The Mane Choice,Haircare,https://themanechoice.com/
Rucker Roots,Haircare,https://ruckerroots.com/
Mielle Organics,Haircare,https://mielleorganics.com/
Pattern Beauty,Haircare,https://patternbeauty.com/
Camille Rose,Haircare,https://www.camillerose.com/
Wrap Life,Haircare,https://thewrap.life/
Pear Nova,Nailcare,https://pearnova.com/
Brother Vellies,Accessories,https://brothervellies.com/
Galerie.LA,Apparel,https://galerie.la/
AcARRE,Beauty/Skin Care,https://www.acarre.co/
Omi Woods,Jewelry,https://omiwoods.com/
Two Days Off,Apparel,https://www.twodaysoff.com/
Tree Fairfax,Accessories,https://treefairfax.com/shop
Local European,Apparel,https://localeuropean.com/
MySampleHAUS,Decor,https://www.mysamplehaus.com/
Lemlem,Apparel,https://www.lemlem.com/
NXC Vintage Shop,Vintage,https://www.nxcvintageshop.com/
PLANT Apothecary,Beauty,https://plantapothecary.com/
Accented Glory,Accessories,https://www.accentedglory.com/
5 Twelve (V-XII),Accessories,shop5twelve.com
Euphorically Black,Accessories,http://www.euphoricallyblack.com/
Everything That Glitterz,Accessories,http://everythingthatglitterz.biz/
Ivory B.,Accessories,https://www.ivoryb.com/
KarynMichelle - Creative Expressions,Accessories,http://www.karynmichelle.com/
Statements By Habibi,Accessories,http://www.statementsbyhabibi.com/
Tranquility’s Designs,Accessories,http://www.shoptranquility5.com/
Zaric Fair Trade,Accessories,http://zaricfairtrade.com/
Grace & Styles Boutique,Accessories,http://www.gracestylesboutique.com/
Headdress By Sheri,Accessories,https://headdressbysheri.com/
IT Urban Boutique,Accessories,https://www.iturbanboutique.com/
My Melanin Fits,Accessories,http://mymelaninfits.com/
Angel’s Essence,Beauty,http://www.angelsessence.shop/
Arbria Creations,Beauty,http://arbriacreations.com/
Asili + Co,Beauty,https://www.etsy.com/shop/AsiliCo
Bariki Body Care,Beauty,https://barikibodycare.com/
Bessie and Lovie,Beauty,http://www.bessieandlovie.com/
Botanicals Beauty,Beauty,https://www.botanicalsbeauty.com/
Brandy Loves Beauty,Beauty,http://www.brandylovesbeauty.online/
Cajose Natural,Beauty,http://cajosenatural.com/
Carmabella Skincare,Beauty,http://www.carmabellaskincare.com/
"Che’ Beautiful, LLC",Beauty,http://chebeautiful.com/
Cindsational Creation,Beauty,http://www.cindsationalcreation.com/
Creole Rouge,Beauty,http://www.creolerougebeauty.com/
Cute & Curly,Beauty,http://www.cuteandcurlyproducts.com/
Diamond Bird LLC,Beauty,http://www.diamondbirdllc.com/
Elements of Aliel,Beauty,http://www.elementsofaliel.com/
GLH Beauty LLC,Beauty,http://www.glhbeauty.com/
Garden Secrets Beauty,Beauty,http://www.etsy.com/shop/gardensecretsbeauty
Glasswing Organics,Beauty,https://www.glasswingorganics.com/
Hello Mama Box,Beauty,http://hellomamabox.com/
Hummingbyrd Naturals,Beauty,http://hummingbyrdnaturals.com/
Isidora Akemi LLC,Beauty,http://isidoraakemi.com/
Kaeess Nail Polish,Beauty,http://www.kaeessnailpolish.com/
LipVoyage,Beauty,http://www.lipvoyage.com/
Luxe by Lay’na,Beauty,http://www.luxebylayna.com/
Natural Jewels,Beauty,http://www.shopnaturaljewels.com/
Naturally Made With Love,Beauty,https://naturallymadewithlove.org/
Ni’kita Wilson Beauty Chemist,Beauty,http://www.nikitawilsonbeauty.com/
OOO Polish,Beauty,http://www.ooopolish.com/
Perfect Blue Alchemy,Beauty,http://www.perfectbluealchemy.com/
Radhi Skin,Beauty,https://radhiskin.com/
Raw Goodness LLC,Beauty,http://rawgoodness.org/
Skin Cabinet,Beauty,http://www.skincabinet.com/
Sadiddy Hippie,Beauty,http://www.sadiddyhippie.com/
Smell Good Spa,Beauty,http://smellgoodspa.com/
SugarRush,Beauty,http://sugarushbbe.bigcartel.com/
Tame Your Mane Beauty Supply,Beauty,http://www.tameyourmanes.com/
Taupe Coat,Beauty,https://taupecoat.com/
Urembo Asili,Beauty,https://uremboasili.com/
Welstand Boutique,Beauty,http://www.welstandboutique.com/
Whimsical Fusions,Beauty,http://whimsicalfusions.com/
ButHerFly,Beauty,http://www.butherfly.com/
Natural Cuties,Beauty,http://www.iamanaturalcutie.com/
Red Dirt,Beauty,http://reddirthandmade.com/
Bassy Collection,Clothing,http://bassycollection.com/
Black Art Tees,Clothing,https://www.etsy.com/shop/BlackArtTees
BlackLux,Clothing,http://blackluxonline.com/
CurveEssentials Boutique,Clothing,http://www.curvessentials.com/
Draped,Clothing,http://www.shopdraped.com/
Ellidai,Clothing,http://www.ellidai.com/
Excellence Don’t End Now,Clothing,https://excellenceedenmerch.com/
Free Expressions815,Clothing,http://www.free-expressions.store/
Growth Edge Clothing,Clothing,https://linktr.ee/growth_edge
Hellwig By Tikia,Clothing,http://hellwigbytikia.com/
JCHIC Style Studio,Clothing,http://www.jchiclife.style/
Jobbing With Jas,Clothing,http://www.jobbingwithjas.com/
OliviaReese,Clothing,http://www.oliviareeseclothing.com/
"Principle, LLC",Clothing,https://oneprincple.com/
SavageChic,Clothing,http://www.thesavagechic.com/
Sticks and Stones Tees & More,Clothing,http://sticksandstonest4u.com/
Tees By Tahquetta,Clothing,http://www.teesbytahquetta.com/
The Melanin Brand,Clothing,http://themelaninbrand.com/
The Mouthy Heart,Clothing,http://www.themouthyheart.com/
Tuesday Melody,Clothing,http://tuesdaymelody.square.site/
Chase The Waist,Clothing,https://teespring.com/stores/chase-the-waist-2?aid=ts-boosted-rt
Green Family Jewels LLC,Clothing,
Harper & Me INC,Clothing,http://www.harperme.com/
Jamille Textiles,Clothing,http://adiajamille.com/jamilletextiles
KNKY Deli + Wandaren Style,Clothing,http://www.knkydeli.com/
My Beautiful Fluff,Clothing,http://mybeautifulfluff.com/shop
Not Boney LLC,Clothing,http://www.not-boney.com/
Sassy Cre8s,Clothing,https://www.etsy.com/shop/SASSYCRE8S
The Diary of She,Clothing,https://www.thediaryofshe.com/
WhitneyManney Fashion & Textiles,Clothing,https://www.whitneymanney.com/
Abstract Fiber,Textiles,http://www.abstractfiber.com/
Boldbeat Textiles,Decor/Furniture,https://www.boldbeat-textiles.com/
"Sow Grow Beautiful Flowers, LLC",Decor/Furniture,http://www.sowgrowbeautifulflowers.com/p/about.html
Candles By Bri,Decor/Furniture,http://www.candlesbybri.com/
Happy Kat Candles & Gifts,Decor/Furniture,http://happykatcandles.com/
Ignite Your Peace,Decor/Furniture,http://igniteyourpeace.com/
Kelly U. Fine Art Collection,Decor/Furniture,http://www.kellyufineart.com/
Rain + Sky Home Decor,Decor/Furniture,https://www.rainskyhome.com/
Scents By Jasmine Limited Co.,Decor/Furniture,http://www.scentsbyjasmine.com/
Summer Orchid,Decor/Furniture,http://www.summerorchidcrafts.com/
The Precious Home,Decor/Furniture,http://www.theprecioushome.com/
K The Other Way,Decor/Furniture,http://www.ktheotherway.com/
Pot Twist Ceramics,Decor/Furniture,http://pottwistceramics.com/
So Be It,Decor/Furniture,http://sobeitshop.com/
Healthy On You,Food,https://www.healthyonyou.com/
Ivy’s Tea Co.,Food,http://www.ivystea.com/
Sista Teas,Food,https://sistateas.com/
The Black Leaf Tea and Culture Shop,Food,http://www.theblackleaftea.com/
The International Tea Emporium,Food,http://mywinetea.com/
The Twentea Company,Food,http://www.thetwenteacompany.com/
Two Dough Girls,Food,http://www.twodoughgirls.com/
Calabash Tea & Tonic,Food,http://www.calabashtea.com/
"By Justine, LLC",Hair,https://www.by-justine.com/
Chocolate Kinks & Kurls,Hair,https://chocolatekinksandkurls.com/
Greene Moments Studio,Health & Wellness,https://greenemoments.com/
Aesthetic By Sarah,Health & Wellness,http://www.aesthetixbysarah.com/
"Aquarius Herbs & Teas, LLC.",Health & Wellness,https://www.etsy.com/shop/AquariusHerbsandTeas
Boujee Bohemian Boutique & Candles,Health & Wellness,http://boujeebohemian.bigcartel.com/
Creator,Health & Wellness,http://www.shopcreatoronline.com/
Creative Life By Ana,Health & Wellness,http://creativelifebyana.com/
Creole Secret Therapeutic Aromatherapy,Health & Wellness,http://www.creolesecretaromatherapy.com/
Educated Lotus,Health & Wellness,http://www.educatedlotus.com/
Edwards’ Wellness & Skin Care Facility,Health & Wellness,http://www.edwardswellness.com/
Empress Incarnated,Health & Wellness,http://www.empressincarnated.com/
Flowers & Moondust ,Health & Wellness,https://www.flowersandmoondust.com/
GivingMeVibez,Health & Wellness,http://www.givingmevibez.com/
Into The Light LLC,Health & Wellness,http://intothelightwithkaren.com/
Leaves of Magic,Health & Wellness,http://www.naturalbyafrica.com/
LevanaNINE,Health & Wellness,http://www.levananine.com/
Love on 26 LLC,Health & Wellness,http://www.loveon26.com/
Lovestruck Whipped Body Butters,Health & Wellness,http://lovestruckwhippedvodybutters.com/
Mystic Momma,Health & Wellness,https://www.mysticmomma.net/
Mrs Jacks Body Food,Health & Wellness,http://www.mrsjackssbodyfoods.com/
Nana Catherine’s Apothecary,Health & Wellness,https://nanacatherinesapothecary.com/
Pur Home,Health & Wellness,http://www.pur-home.com/
Pretty Mushroom,Health & Wellness,https://prettymushroom.com/
Still Me…Even Better,Health & Wellness,https://iamstillmeevenbetter.com/
The Green Laundress,Health & Wellness,http://www.thegreenlaundress.com/
The Land of Bekagage,Health & Wellness,http://www.thelandofbekagage.com/
A Luxe Design,Health & Wellness,http://www.aluxedesign.com/
Aakasha’s Naturals,Health & Wellness,http://aakashasnaturals.com/
BLK + GRN,Health & Wellness,https://blkgrn.com/
Body And Soul Naturally,Health & Wellness,https://www.bodyandsoulnaturally.com/
ConditionHer,Health & Wellness,http://conditionher.com/
"Equanimity NYC, LLC",Health & Wellness,https://www.equanimitynyc.com/
Elohvi,Health & Wellness,http://www.elohvi.com/
Natures Pleasantries LLC,Health & Wellness,http://naturespleasantries.com/
"Royal Fitness, LLC",Health & Wellness,https://www.royaltfitness.com/
Transform With Nadia,Health & Wellness,http://transformwithnadia.com/
Asymble,Services,http://asymblepa.com/
Bethany E. Photography,Services,http://www.bethanyephotography.com/
Blue Zaria,Services,http://www.bluezaria.com/
Booked By Iran,Services,http://www.bookedbyiman.com/
Christie Ann Cruise,Services,http://www.christieanncruise.com/
Creativa IP Law LLC,Services,https://creativaiplaw.com/
DevelopMe4Me Elite Performance Consulting Company,Services,http://developme4me.com/
Everlasting Love Fulfillment,Services,http://www.have-everlastinglove.com/
EvyDani Books,Services,http://www.evydanibooks.com/
Experience Escape Travel,Services,http://marshacorbett.inteletravel.com/
Fiscalpink,Services,http://www.fiscalpink.com/
Golden Flourish,Services,http://www.goldenflourish.co/
Horizon Real Estate Solutions,Services,http://www.horizonresolutions.com/
MFAD Creative Group LLC,Services,http://www.management4aday.com/
Mary Plans Vacation,Services,http://www.maryplansvacation.com/
Milestone Events & Celebrations,Services,http://www.mymilestoneevents.com/
Molten Consulting Group,Services,http://www.motenconsultinggroup.com/
Na’Toria Marketing & Design Solutions,Services,http://www.natoria.co/
"On The Go Photo, LLC",Services,http://onthegophototn.com/
"Our Legacy Press, LLC",Services,http://ourlegacipress.com/
Precision Plus,Services,http://www.precisionplus.co/
Pretty Write,Services,http://www.instagram.com/prettywrite_llc
Sydney Starr Travel,Services,http://www.sydneystarrtravel.com/
"TLJ Professional Services, INC",Services,http://www.tljprofessionalservices.com/
The Culturist Union,Services,http://www.theculturistunion.com/
The College Application Specialist,Services,http://thecollegeappspecialist.com/
Therapy Topia,Services,https://therapytopia.com/
Zaria’s Milk,Services,http://zariasmilk.com/
Real Chicks Rock! ,Services,http://www.realchicksrock.com/
Blessed Designs,Apparel,http://blesseddesignsco.com/
Chateau Hi,Services,http://www.chateauhi.com/
Christopher’s Dog Treats,Pet,http://theedoggytreat.com/
Corage LLC,Toys,http://www.coragedolls.com/
Just Like Me! Book Box,Literature,http://justlikemebox.com/
LITerate Minds,Literature,https://www.literatemindsread.com/
Asa White Designs Coloring Books,Literature,http://www.asawhitedesigns.com/
Basbaas,Food & Beverage,https://basbaassauce.com/
Big Red’s Hot Sauce,Food & Beverage,https://bigredshotsauce.com/
Callaloo,Food & Beverage,https://callaloobox.com/
Capital City Co.,Food & Beverage,https://www.shopcapitalcity.com/
Charleston Gourmet Burger Co.,Food & Beverage,https://charlestongourmetburger.com/
Dope Coffee,Food & Beverage,https://www.realdope.coffee/
The Furlough Cheesecake,Food & Beverage,https://thefurloughcheesecake.com/
Guidance Whiskey,Food & Beverage,https://www.guidancewhiskey.com/
Iya Foods,Food & Beverage,https://www.iyafoods.com/
Jive Juice,Food & Beverage,https://jivejuicecompany.com/
Jones Bar-B-Q,Food & Beverage,https://www.jonesbbqkc.com/
Maison Noir Wines,Food & Beverage,https://maisonnoirwines.com/
Marjorie's Beef Jerky,Food & Beverage,http://www.marjoriesbeefjerky.com/
McBride Sisters Wine Collection,Food & Beverage,https://www.mcbridesisters.com/
Me & the Bees Lemonade,Food & Beverage,https://www.meandthebees.com/
Pinckney Cookie Cafe,Food & Beverage,https://lovethesecookies.com/
Project Pop,Food & Beverage,https://www.eatprojectpop.com/
Red Bay Coffee,Food & Beverage,https://www.redbaycoffee.com/
Sankofa Beer Company,Food & Beverage,https://www.sankofabeer.com/
Sol Cacao,Food & Beverage,https://www.solcacao.com/
Southern Culture,Food & Beverage,https://socukitchen.com/
The Spice Suite,Food & Beverage,https://www.thespicesuite.com/
Symphony Potato Chips,Food & Beverage,https://symphonychips.com/
Ten to One Rum,Food & Beverage,https://www.tentoonerum.com/
Theopolis Vineyards,Food & Beverage,https://www.theopolisvineyards.com/
Uncle Nearest Tennessee Whiskey,Food & Beverage,https://unclenearest.com/
Warcloud Brewing,Food & Beverage,http://warcloudbrewing.com/
Yolélé Foods,Food & Beverage,https://yolelefoods.com/
BLK & Bold,Food & Beverage,https://blkandbold.com/
The Bark Shoppe,Pet,https://www.thebarkshoppe.com/
Kara Hinson,Art,https://www.karahinson.com/
Adorned By Chi,Apparel,https://shop.adornedbychi.com/
Crown Candle Co.,Decor,https://www.crowncandleco.com/
By Ms James,Home Goods,https://www.bymsjames.com/
Form Beauty,Beauty,https://formbeauty.com/
Bolé Road Textiles,Textiles,https://boleroadtextiles.com/
Spoiled Boutique,Apparel,https://thespoiledboutique.com/
Royal House of Wraps,Accessories,https://www.royalhouseofwraps.com/
Dorcas Creates,Art,https://dorcascreates.com/
Nubian Skin,Hosiery,https://us.nubianskin.com/
Lust for Nails,Nailcare,https://lustfornails.com/
Melanie Marie,Jewelry,https://jewelry.melaniemarie.com/
Curlbox,Haircare,https://curlbox.com/
Nroda,Eyewear,https://nroda.com/
Ashera Swimwear,Apparel,https://asherahswimwear.com/
25th and June,Nailcare,https://www.25thandjune.com/
BLK MKT Vintage,Vintage,https://www.blkmktvintage.com/
Beads Byaree,Accessories,https://beadsbyaree.com/
Temple Zen,Skin Care,https://yourtemplezen.com/pages/our-method
Mayvenn,Hair,https://shop.mayvenn.com/
Aaks,Accessories,https://www.aaksonline.com/
"Love, Vara",Hosiery,https://www.lovevera.com/
Foot Nanny,Footwear,footnanny.com
KNC Beauty,Skin Care,kncbeauty.com
CurlMix,Haircare,curlmix.com
The Cut Buddy,Haircare,thecutbuddy.com
Myavana,Haircare,myavana.com
Aminah Abdul Jillil,Footwear,aminahabduljillil.com
Cherry Blossom Intimates,Intimates/Hosiery,cherryblossomintimates.com
Cushnie,Accessories,cushnie.com
The Folklore,Apparel,shopthefolklore.com
FUBU,Apparel,fubu.com
Hanifa,Apparel,hanifa.co
Hope For Flowers,Apparel,hopeforflowers.com
Kahmune,Footwear,kahmune.com
Mateo New York,Jewelry,mateonewyork.com
Pyer Moss,Apparel,pyermoss.com
Telfar,Accessories,telfar.com
The Sixes,Apparel,thesixes.com
The Wrap Life,Headwear,thewrap.life
Unwrp,Paper,unwrp.com
The Honey Pot,Feminine Care,thehoneypot.co
Vibrant Health,Health & Wellness,vibranthealth.com
