Anne Kent Taylor,
Aroma Forest,
Ayrshire Farm,
BeadWORKS Kenya,
Brattset Family Farm,
Certified Gorilla Friendly™,
Cheetah Conservation Fund,
Chianti Cashmere,
COMACO,
Cuddle Coop Farm,
El Nido Resorts and Lio Tourism Estate,
Elephant Friendly™ Tea,
Elephas,
Fibras del Viento,
Grazerie,
Himalayan Bio Trade,
Ibis Rice™,
Ivanleigh Farms,
Jaguar Friendly™,
Mangrove Paddle Boat Tour Guide Association,
Merino de Península Valdés,
Parque Patagonia,
Pasturebird,
Proyecto Titi,
Rock Bottom Ranch,
Seilich Botanicals,
Snow Leopard Enterprises,
The Living Earth Farm,
Thirteen Mile Lamb & Wool,
Traders Hill Farm,
WCS Madagascar,
Wild Echo Bison Reserve,
Wild Kaapi™,
Wild Silk Markets / CPALI,
Wildlife Works,
Windshadow Farm,
