100% Natural Soapnuts Australia ,http://www.soapnuts.net.au/,vegan,Cleaning/Household,
AHRIA Organics ,https://www.ahriaorganics.com/,vegan,"Skin Care, Baby Care",
ANAR Australia ,http://www.anaraustralia.com.au/,vegan,"Baby Care, Skin Care",
ANNOD Natural Skincare ,http://www.annod.com.au/,vegan,Skin Care,
AZURA ,http://www.opulencecosmetics.com.au/, ,Make-Up,
Abundant Natural Health ,https://www.abundantnaturalhealth.com/, ,Skin Care,
Adorn Cosmetics ,http://www.adorncosmetics.com.au/,vegan,"Make-Up, Skin Care",
Aesthetics Rx ,https://www.aestheticsrx.com.au/, ,Skin Care,
Ageless Flawless Skin Naturally ,https://agelessflawlessskin.com.au/,vegan,Skin Care,
Alexami Cosmetics ,http://www.alexami.com/, ,"Make-Up, Skin Care, Soap",
Amaris Botanicals ,,vegan,Skin Care,
Andalou Naturals ,http://www.andalou.com/, ,"Deodorant, Hair Care, Hair Removal, Men's Range, Skin Care, Sunscreen",
Apteka ,http://www.apteka.com.au/,vegan,Hair Care,
Aromacare ,http://www.aromacare.com.au/, ,"Animal Care, Aromatherapy and Massage,Skin Care, Soap, Haircare",
Aromae ,https://aromae.com.au/shop/, ,"Aromatherapy and Massage, Hair Care, Men's Range, Skin Care, Soap",
Aromatic Essentials ,http://www.aromaticessentials.com.au/,vegan,"Animal Care, Baby Care, Deodorant, Perfume, Hair Care, Skin Care",
Ausganica ,http://www.ausganica.com/, ,"Baby Care, Deodorant, Perfume, Hair Care, insect repellent, Make-Up, Men's Range, Skin Care, Toothpaste",
AusieOlive ,http://ausieolive.com.au/home.php, ,"Baby Care, Hair Care, Men's Range, Skin Care, Soap",
Aussie Inked ,http://www.aussieinked.com.au/, ,Skin Care,
Australian Natural Soap Company  pof,http://www.theaustraliannaturalsoapcompany.com.au/,vegan,"Perfume, Skin Care, Soap",
Australian Pure ,http://www.naturesorganics.com.au/,vegan,Skin Care,
Australis ,http://www.australiscosmetics.com.au/, ,"Make-Up, Nail Care, Skin Care",
BAE Vegan Perfume & Oils  pof,https://baeveganperfume.indiemade.com/,vegan,"Aromatherapy and Massage, Perfume",
Babe Australia ,http://www.babeaustralia.com/, ,Skin Care,
Badger Balm ,http://www.badgerbalm.com/, ,"Baby Care, Skin Care, Sunscreen",
Be genki ,http://www.begenki.com/,vegan,"Aromatherapy and Massage, Skin Care",
Beauty By Nature ,http://www.beautybynature.com.au/, ,"Baby Care, Deodorant, Perfume, Hair Care, insect repellent, Make-Up, Men's Range, Skin Care, Sunscreen",
Belle Mi ,http://www.manzanillogrove.com.au/skin, ,Skin Care,
Beysis ,https://www.beysis.com/,vegan,Nail Care,
Biologi ,http://www.biologi.com.au/,vegan,Skin Care,
Biologika ,http://www.organicformulations.com/shop/,vegan,"Hair Care, Men's Range, Skin Care, Soap",
Biossentials ,http://www.biossentials.com/,vegan,"Aromatherapy and Massage, Perfume, Hair Care, Skin Care",
Bohemian Skin ,http://www.bohemianskin.com.au/,vegan,Skin Care,
Botanical Blessings ,http://www.botanicalblessings.com.au/, ,"Deodorant, Hair Care, Skin Care",
Botanical Signature ,http://www.botanicalsignature.com/,vegan,"Hair Care, Nail Care, Skin Care",
Botanical Trader ,https://botanicaltrader.com/,vegan,"Hair Care, Perfume, Skin Care",
Brazilian Butterfly ,https://www.brazilianbutterfly.com/,vegan,"Hair Removal, Personal Lubricant, Skin Care",
Brooklan Tree ,http://www.brooklantree.com.au/, ,"Aromatherapy and Massage, Baby Care, Hair Care, insect repellent, Skin Care, Soap",
Buckley and Phillips ,http://www.buckleyandphillips.com/, ,"Aromatherapy and Massage, Candles, contract manufacturer, Perfume, furniture, Skin Care",
Buloke Park Olives t,http://www.bulokeparkolives.com.au/,vegan,Skin Care,
Butt Naked Body ,https://buttnakedbody.com.au/,vegan,Skin Care,
Byron Bay Skincare ,http://www.byronbayskincare.com.au/,vegan,Skin Care,
Care You Love ,http://www.careyoulove.com.au/, ,"Aromatherapy and Massage, Baby Care, Cleaning/Household, Perfume, Hair Care, Men's Range, Skin Care",
Caronlab Australia ,http://www.caronlab.com.au/, ,Hair Removal,
Cedar and Stone ,http://www.cedarandstone.com.au/,vegan,Skin Care,
Cherry Brown ,http://www.cherrybrown.com.au/,vegan,Make-Up,
Clean Slate Skin Care ,http://www.cleanslateskincare.com/,vegan,"Aromatherapy and Massage, Cleaning/Household, Deodorant, Perfume, Hair Care, Men's Range, nail care, Skin Care, Soap",
Clemence Organics ,https://www.clemenceorganics.com/, ,"Baby Care, Skin Care",
Clever Curl ,https://www.clevercurl.com.au/,vegan,Skin Care,
Coconut Tree Products ,http://www.coconuttree.com.au/, ,"Hair Care, Skin Care",
Colour by TBN,https://www.colourbytbn.com.au/, ,"Make-Up, Nail Care",
Cosima Skincare ,http://www.cosimaskin.com/,vegan,Skin Care,
Cottage Oil  1300 650 981,,vegan,"Aromatherapy and Massage, Perfume",
Cruelty Free Shop FACE ,https://www.crueltyfreeshop.com.au/collections/health-beauty/Cruelty-free-Cosmetics,vegan,"Make-Up, Nail Care",
D+T ,http://www.dandt.com.au/,vegan,"Hair Care, Men's Range",
DE LORENZO ,http://www.delorenzo.com.au/,vegan,"Hair Care, Hair Colour",
Davroe ,http://www.davroe.com/,vegan,Hair Care,
Delicious Skin ,http://www.deliciousskin.com.au/,vegan,Skin Care,
Deluxe Shea Butter ,https://www.deluxesheabutter.com/,vegan,Skin Care,
Derma Sukin ,https://sukinnaturals.com.au/collections/derma-sukin,vegan,Skin Care,
Design Essentials bp,https://designessentials.com/, ,Hair Care,
Designer Brands ,https://www.dbcosmetics.com.au/,vegan,"False Eyelashes, Perfume, Make-Up, Nail Care, Skin Care",
Devine Oils ,http://www.devineoils.com.au/,vegan,"Aromatherapy and Massage, Men's Range, Nail Care, Skin Care",
Dianne Caine Australia ,https://www.diannecaine.com.au/, ,"Deodorant, Hair Care, Skin Care",
Dindi Naturals  pof,http://www.dindinaturals.com.au/, ,"Baby Care, Deodorant, Perfume, Hair Care, Men's Range, Skin Care, Soap",
Dusk by Adele ,http://www.duskbyadele.com/,vegan,"Make-Up, Skin Care",
ECO Minerals ,http://www.ecominerals.com.au/,vegan,Make-Up,
ECOlogic ,http://organicformulations.com/,vegan,Cleaning/Household,
EVOHE ,http://www.evohe.com.au/,vegan,Skin Care,
Earth Born Candles ,http://coastalscentscandlesau.simplesite.com/,vegan,"Candles, Soap",
Earth Choice ,http://naturesorganics.com.au/,vegan,Cleaning/Household,
Earth's Beauty ,http://www.earthsbeauty.com/, ,Make-Up,
Earths Purities  bp,http://www.earthspurities.com.au/, ,"Deodorant, Perfume, Skin Care",
Eco Style Project ,https://ecostyleproject.com.au/,vegan,Hair Care,
Eco Tan ,http://www.ecotan.com.au/, ,"Deodorant, Insect Repellent, Skin Care, Sunscreen",
Edens Garden Essential Oils ,http://www.edensgarden.com/,vegan,"Aromatherapy and Massage, Perfume, Skin Care, Soap",
Ella Searle ,https://www.ellasearle.com.au/,vegan,Skin Care,
Enzyme Wizard ,http://www.enzymewizard.com.au/,vegan,Cleaning/Household,
Ere Perez ,http://www.ereperez.com/, ,Make-Up,
Essence of Wellbeing ,http://www.essenceofwellbeing.com.au/, ,"Aromatherapy and Massage, Baby Care, Perfume, Hair Care, Skin Care, Soap",
Ethique  pof,http://www.ethiquebeauty.com/, ,"Hair Care, Men's Range, Skin Care",
Euclove ,http://www.euclove.com.au/,vegan,Cleaning/Household,
EverEscents Organic Hair Care  bp,http://www.everescents.com.au/, ,Hair Care,
Eye of Horus Cosmetics ,https://www.eyeofhoruscosmetics.com/, ,Make-Up,
Fiji Spice Queen ,http://www.fijispicequeen.com/,vegan,"Skin Care, Soap",
First Light Organics ,http://www.firstlightorganics.com.au/, ,"Aromatherapy and Massage, Baby Care, Insect Repellent, Skin Care",
First Love Organics ,https://first-love-organics.myshopify.com/collections/all, ,"Baby Care, Skin Care",
Florentine Gold ,http://www.florentinegold.com.au/,vegan,"Deodorant, Insect Repellent",
Frankie Cosmetics ,https://frankiecosmetics.com.au/,vegan,Make-Up,
Fresca Natural ,http://www.frescanatural.com.au/,vegan,"Deodorant, Skin Care",
Funtime Bubblebath ,http://naturesorganics.com.au/,vegan,Baby Care,
Furless Cosmetics ,http://www.furlesscosmetics.com.au/,vegan,"Make-Up, Nail Care",
GAIA Skin Naturals ,http://www.gaiaskinnaturals.com/, ,"Baby Care, Hair Care, Men's Range, Skin Care",
Gemma Vendetta Cosmetics ,http://www.gemmavendetta.com/,vegan,Make-Up,
Go-To Skin Care  bp,http://www.gotoskincare.com/, ,Skin Care,
Good 4 You Aromatherapy ,http://www.good4youaromatherapy.com/, ,"Aromatherapy and Massage, Skin Care, Soap",
HESO ,https://heso.com.au/,vegan,Men's Range,
HURRAW! ,http://www.hurrawbalm.com/, ,Make-Up,
Halo Organics ,http://www.haloorganics.com.au/,vegan,"Baby Care, Men's Range, Skin Care",
Hanami Cosmetics ,http://www.hanami.com.au/,vegan,"Make-Up, Nail Care",
Handmade Naturals ,http://www.naturals.com.au/, ,"Aromatherapy and Massage, Baby Care, Perfume, Hair Care, insect repellent, Men's Range, Skin Care, Soap",
Happy Skincare ,http://www.happyskincare.com.au/,vegan,"Deodorant, Make-Up, Skin Care",
Hello Hair  bp,http://www.hellohair.com.au/, ,Hair Care,
Hemmings Heavenly Cosmetics ,http://www.hemmingshc.com.au/,vegan,Make-Up,
Herb Doctor ,http://www.herbdoctor.com.au/,vegan,"Animal Care, Cleaning/Household, Hair Care, Skin Care, Soap",
Herb UK ,http://www.herbuk.com/, ,"Hair Care, Hair Colour",
Hydromerse ,https://www.hydromerse.com/, ,Skin Care,
INIKA Organic ,http://www.inikaorganic.com/,vegan,Make-Up,
In Essence ,http://inessence.com.au/, ,"Aromatherapy and Massage, Candles, Perfume",
Innoxa  bp,http://www.innoxa.com.au/, ,"Deodorant, Make-Up, Nail Care, Skin Care",
Intuitive Skin Nourishment ,https://holisticskinhealthshop.com.au/brands/Intuitive-Skin-Nourishment.html,vegan,"Baby Care, Deodorant, Skin Care",
JOI Pure Natural Skincare ,http://www.joipure.com/, ,"Perfume, Hair Care, Skin Care",
Jaliis ,http://www.jaliis.com.au/, ,"Aromatherapy and Massage, Skin Care, Soap",
Jjenisis ,http://www.jjenisis.com.au/,vegan,"Make-Up, Skin Care",
Jojoba Australia ,http://www.jojocare.com.au/,vegan,"Baby Care, Hair Care, Men's Range, Skin Care",
Joli Natural Skin Care ,http://www.jolinatural.com.au/, ,"Aromatherapy and Massage, Baby Care, Deodorant, Perfume, Hair Care, Men's Range, Skin Care",
Julisa ,http://www.julisa.co/,vegan,"Nail Care, Skin Care",
Juvenate Skincare ,http://www.juvenate.co.nz/,vegan,Skin Care,
KATHLEEN NATURAL  bp,https://www.kathleennatural.co.uk/, ,"Skin Care, Aromatherapy and Massage, Body Care",
Kelapa Organics ,http://www.kelapa.com.au/,vegan,"Baby Care, Hair Care, Men's Range, Skin Care, Sunscreen",
Kester Black ,http://www.kesterblack.com/,vegan,"Make-Up, Nail Care",
Klara Cosmetics ,http://www.klaracosmetics.com/, ,"Make-Up, Skin Care",
Koh ,http://www.koh.com/,vegan,Cleaning/Household,
Kosmea ,http://www.kosmea.com.au/, ,Skin Care,
LHAMI ,http://www.lhami.com.au/,vegan,"Baby Care, Perfume, Make-Up, Men's Range, Skin Care",
LUSH ,http://www.lush.com.au/, ,"Perfume, Hair Care, Hair Colour, Make-Up, Men's Range, Skin Care, Soap",
La Mav ,http://www.lamav.com/,vegan,"Make-Up, Skin Care",
Lariese Purely Organic ,http://www.lariese.com/, ,"Baby Care, Deodorant, Hair Care, Men's Range, Personal Lubricant, Skin Care, Soap",
Larissa Bright ,http://www.larissabright.com.au/, ,"Baby Care, Make-Up, Skin Care, Soap",
Laviol Organic ,http://www.laviol.com.au/, ,Skin Care,
Le Reve ,http://www.lereve.com.au/,vegan,"Aromatherapy and Massage, Deodorant, Perfume, Men's Range, Skin Care, Sunscreen",
Leveque Organics ,https://www.levequeorganics.com/, ,"Deodorant, Skin Care",
Lewin & Reilly Organic Skin Care ,http://www.lewinandreilly.com/,vegan,Skin Care,
Lil'Bit Better ,http://www.lilbit.com.au/, ,"Cleaning/Household, Furniture Care, Insect Repellent, Soap",
Little Innoscents ,http://www.littleinnoscents.com.au/, ,"Baby Care, Skin Care",
Living Nature  bp,http://www.livingnature.com/, ,"Aromatherapy and Massage, Baby Care, Deodorant, Hair Care, Make-Up, Men's Range, Skin Care, Soap",
Livinia Naturals ,http://www.livinia.com.au/,vegan,"Hair Care, Make-Up, Skin Care",
Loving Botanica ,http://www.lovingbotanica.com/,vegan,"Aromatherapy and Massage, Candles, Perfume, insect repellent, Skin Care, Soap",
Lumineye Nailcraft Innovations ,http://www.lumineye.com.au/,vegan,"Make-Up, Nail Care",
Lust Mineral Cosmetics ,http://www.lustminerals.com.au/,vegan,"Make-Up, Skin Care",
MOMMA ,http://www.momma.com.au/,vegan,"Make-Up, Skin Care",
Make UP Cosmetics ,http://www.makeup-cosmetics.com.au/, ,Make-Up,
Malka Natural Skin Care ,http://www.sweetcinnamonbymalka.com/, ,"Aromatherapy and Massage, Baby Care, Perfume, Skin Care, Soap",
Manuka Biotic ,http://www.manukabiotic.co.nz/, ,"Baby Care, Hair Care, Skin Care",
Margaret River Hemp Co ,http://www.hempco.net.au/hemp-bodycare/, ,"Hair Care, Men's Range, Skin Care",
Marvo & Co ,https://marvoco.com/,vegan,"Aromatherapy and Massage, Deodorant, Hair Care, Cleaning/Household, Perfume, Skin Care",
Megan Potter ,https://meganpottercosmetics.com.au/,vegan,Make-Up,
MgLife ,http://www.mglife.com.au/,vegan,Aromatherapy and Massage,
Miessence ,http://www.miessence.com/, ,"Baby Care, Cleaning/Household, Deodorant, Hair Care, Insect Repellent, Make-Up, Men's Range, Perfume, Skin Care, Soap, Sunscreen, Toothpaste",
Mineral Fusion  bp,http://mineralfusion.com/, ,"Hair Care, Make-Up, nail care, Skin Care, Sunscreen",
Mokosh  pof,http://www.mokosh.com.au/, ,"Baby Care, Men's Range, Skin Care, Soap",
Morris Motley ,http://www.morrismotley.com/,vegan,Hair Care,
MuLondon ,http://www.mulondon.com/,vegan,"Aromatherapy and Massage, Men's Range, Skin Care, Soap",
Mukti Organics  bp,http://www.muktiorganics.com/, ,"Baby Care, Deodorant, Hair Care, Insect Repellent, Men's Range, Skin Care, Sunscreen",
Musq ,http://www.musq.com.au/,vegan,"Make-Up, Skin Care",
My Lip Stuff ,http://www.mylipstuff.com/, ,Skin Care,
NEEK Skin Organics ,http://www.neekskinorganics.com/,vegan,Make-Up,
Nail'd at Tiffany's ,http://www.naildattiffanys.com.au/,vegan,Nail Care,
Nama of Fiji ,https://www.essenceoffijigroup.com/namase-health-skin/nama-of-fiji/,vegan,"Aromatherapy and Massage, Hair Removal, Men's Range, Skin Care",
Natio  bp,http://www.natio.com.au/, ,"Aromatherapy and Massage, Candles, Deodorant, Perfume, Hair Care, Hair Removal, Make-Up, Men's Range, nail care, Skin Care, Soap, Sunscreen",
Native Oils Australia ,http://www.nativeoilsaustralia.com.au/, ,"Aromatherapy and Massage, Cleaning/Household, contract manufacturer, Deodorant, Perfume, Skin Care",
Natural Aroma Handmade Soaps ,http://www.purehandmadesoap.com.au/, ,"Aromatherapy and Massage, Soap",
Natural Being t,http://livingnature.com/,vegan,Skin Care,
Natural Ingredients Australia ,http://naturalingredientsaus.com/, ,"Aromatherapy and Massage, Hair Care, Men's Range, Skin Care, Soap",
Natural Wonders ,http://www.natural-wonders.com.au/, ,"Aromatherapy and Massage, Baby Care, Insect Repellent, Skin Care",
Naturally Clean ,http://www.naturallyclean.com.au/,vegan,Cleaning/Household,
Nature Direct ,http://www.naturedirect.com.au/,vegan,Cleaning/Household,
Nature's Quest ,http://www.naturesquest.com.au/,vegan,"Baby Care, Cleaning/Household, Deodorant, Hair Care, Skin Care",
Natures Organics ,http://www.naturesorganics.com.au/,vegan,"Cleaning/Household, Hair Care, Skin Care, Soap",
New Directions Australia  bp,http://www.newdirections.com.au/, ,"Animal Care, Baby Care, Cleaning/Household, Deodorant, Hair Care, Hair Removal, Make-Up, Men's Range, Skin Care, Sunscreen",
No Pong t,http://www.nopong.com/,vegan,Deodorant,
Noosa Basics ,http://www.noosabasics.com/,vegan,"Aromatherapy and Massage, Cleaning/Household, Deodorant, Hair Care, Make-Up, personal lubricant, Skin Care, Sunscreen",
Nude by Nature ,https://nudebynature.com/, ,Make-Up,
Nuggett & Charlie ,http://www.nuggettandcharlie.com/,vegan,Skin Care,
Nzuri Organics ,http://www.nzuriorganics.com.au/, ,"Baby Care, Hair Care, Skin Care",
OUCH! Personal Outdoor Spray ,http://www.ouchspray.com/,vegan,Insect Repellent,
Oceanic Gold t,https://www.oceanicgold.com.au/,vegan,Skin Care,
Ocinium ,https://www.ocinium.com/, ,Skin Care,
Odara Cosmetics ,http://www.odaracosmetics.com.au/,vegan,"Make-Up, Nail Care, Skin Care",
Oil Garden ,http://oilgarden.com.au/,vegan,"Aromatherapy and Massage, Candles, Perfume",
One Seed ,http://www.oneseedperfumes.com/,vegan,"Perfume, Men's Range, Skin Care",
Organic Care ,http://naturesorganics.com.au/,vegan,Hair Care,
Organic Clean ,http://organicclean.com.au/,vegan,Cleaning/Household,
Organic Colour Systems ,http://organiccoloursystems.com/,vegan,"Hair Care, Hair Colour",
Organic Formulations ,http://www.organicformulations.com/shop, ,"Animal Care, Aromatherapy and Massage, Baby Care, Cleaning/Household, contract manufacturer, Deodorant, gardening, Hair Care, Skin Care, Soap",
Organic Rosehip Skincare ,http://www.rosehipskincare.com/,vegan,"Aromatherapy and Massage, Baby Care, Deodorant, Perfume, Hair Care, Insect Repellent, personal lubricants, Skin Care, Sunscreen, Toothpaste",
Pacific Perfumes ,http://www.pacificperfumes.co.nz/, ,"Perfume, Soap",
Paint Nail Lacquer ,http://www.paintnaillacquer.com.au/,vegan,Nail Care,
"Patti Flynn, soapmaker ",http://www.shop.pattiflynn.com/, ,Soap,
Paudha Healing ,http://www.paudhahealing.com/,vegan,"Deodorant, Skin Care",
Perfect Potion ,http://www.perfectpotion.com.au/, ,"Animal Care, Aromatherapy and Massage, Baby Care, Cleaning/Household, Deodorant, fragrance & perfume, Hair Care, insect repellent, Make-Up, Men's Range, Skin Care, Soap, Sunscreen",
Perfume by Nature ,http://www.perfumebynature.com.au/, ,Perfume,
Pharmaoil ,http://www.theansc.com.au/,vegan,"Deodorant, Skin Care, Soap",
Pits of Joy ,https://pitsofjoy.com.au/,vegan,Deodorant,
Poppy Austin ,http://www.poppyaustin.com/,vegan,"Hair Care, Make-Up, Skin Care",
Power Pellets ,http://www.powerpellets.com.au/,vegan,Gardening,
Prahy Cosmetics ,http://www.eugenieprahy.com/,vegan,Make-Up,
Pure and Green Organics ,http://www.zkinorganics.com.au/,vegan,Toothpaste,
Purity ,http://naturesorganics.com.au/,vegan,Cleaning/Household,
REB Cosmetics ,https://www.rebcosmetics.com.au/,vegan,"Make-Up, Nail Care",
RJ Mineral Cosmetics International  bp,http://www.rjmineralcosmetics.com.au/, ,"Baby Care, Deodorant, Hair Care, Make-Up, Men's Range, Nail Care, Skin Care",
Rasasara Skinfood ,http://www.rasasara.com/, ,Skin Care,
Raww Cosmetics ,https://www.rawwcosmetics.com/, ,Make-Up,
Riddell's Creek ,http://organicformulations.com/shop,vegan,"Aromatherapy and Massage, Toothpaste",
SATIVA Skincare ,http://www.sativaskincare.com/,vegan,"Deodorant, Hair Care, Skin Care",
SLIQUID ,http://www.sliquid.com.au/,vegan,Personal Lubricant,
SOE Bioremedies ,http://www.soe-bioremedies.com.au/, ,"Animal Care, Aromatherapy and Massage, Baby Care, Skin Care",
SURFPASTE ,http://www.surfpaste.com.au/,vegan,"Skin Care, Sunscreen",
Sambora Beach Toes ,http://www.sambora.com.au/,vegan,Nail Care,
Sanctum ,http://sanctumaustralia.com/,vegan,"Baby Care, Hair Care, Men's Range, Skin Care",
Sassy Cosmetics ,, ,Make-Up,
Sasy n Savy ,http://www.sasynsavy.com/,vegan,"Hair Care, Skin Care, Sunscreen",
Sattwa Skincare ,http://www.sattwa.com.au/, ,"Aromatherapy and Massage, Baby Care, Hair Colour, Insect Repellent, Men's Range, Nail Care, Skin Care",
Savi Organics ,http://www.saviorganics.com/,vegan,"Aromatherapy and Massage, Hair Care, Skin Care, Soap",
Saya ,http://www.sayaskin.com/,vegan,"Candles, Hair Care, Men's Range, Skin Care",
Sea Siren Cosmetics ,http://www.seasiren.com.au/, ,Nail Care,
Sienna Byron Bay ,http://www.siennabyronbay.com.au/,vegan,Nail Care,
Simplicite Skin Care ,http://www.simplicite.com.au/,vegan,"Skin Care, Sunscreen",
Soak Society ,http://www.soaksociety.com/,vegan,Skin Care,
Sodashi ,http://www.sodashi.com/,vegan,"Hair Care, Skin Care",
Sonning Wildflower Beeswax Products t (07 3889 0701),,vegan,"Animal Care, Baby Care, Furniture Care, Gardening, Insect Repellent, Skin Care",
Soularoma ,https://soularoma.com.au/,vegan,"Aromatherapy & Massage, Baby Care, Deodorant, Essential oils, Perfume, Skin care, Soap",
Sugar Cocoon ,https://brazilian-butterfly.myshopify.com/collections/sugar-cocoon,vegan,"Hair Removal, Personal Lubricant, Skin Care",
Sukin Organics ,https://sukinnaturals.com.au/,vegan,"Baby Care, Deodorant, Hair Care, Men's Range, Skin Care",
Suncoat Products  bp,http://www.suncoatproducts.com/, ,"Hair Care, Make-Up, Nail Care",
Super Concentrates ,http://www.superc.com.au/, ,"Aromatherapy and Massage, Cleaning/Household, Gardening, Hair Care, Insect Repellent, Men's Range, Skin Care, Soap",
Suvana Beauty t,http://www.suvanabeauty.com/,vegan,Skin Care,
Sven's Island ,http://www.svensisland.com/, ,"Baby Care, Skin Care",
Sweet Lily ,http://www.sweetlily.dk/, ,"Baby Care, Skin Care, Soap",
Synergie Minerals ,http://synergieskin.com/product-range/synergie-minerals/, ,Make-Up,
Synergie Skin ,http://www.synergieskin.com/, ,Skin Care,
Synthesis Organics ,http://synthesisorganics.com/, ,"Aromatherapy and Massage, Perfume, Skin Care",
Taslie Skin Care ,http://www.taslie.com/, ,"Baby Care, Hair Care, Skin Care, Soap",
Tattva's Herbs Organics ,http://www.tattvasherbs.com/, ,"Aromatherapy and Massage, Perfume, Skin Care",
The Gypsy Apothecary ,http://www.gypsyapothecary.com.au/, ,"Aromatherapy and Massage, Baby Care, Candles, Perfume, Skin Care",
The Herb Farm ,http://www.herbfarm.co.nz/, ,"Aromatherapy and Massage, Baby Care, Deodorant, Hair Care, Men's Range, Skin Care, Soap",
The Ingrid Perri Range ,http://www.ingridperri.com/, ,Skin Care,
The Memory Stick ,http://www.thememorystick.com.au/,vegan,"Aromatherapy and Massage, Skin Care, Soap",
The Natural Skin Store ,http://www.thenaturalskinstore.com/, ,"Perfume, Make-Up, Skin Care",
The Organic Lip Balm Company t,https://organiclipbalm.com.au/,vegan,Skin Care,
The Physic Garden ,http://www.thephysicgarden.com/,vegan,,
Three Warriors t,http://www.threewarriors.com.au/,vegan,"Hair Care, Skin Care",
Tints of Nature ,http://tintsofnature.com/,vegan,"Hair Care, Hair Colour",
Tri Nature ,http://www.trinature.com/, ,"Animal Care, Aromatherapy and Massage, Baby Care, car care, Cleaning/Household, Deodorant, Perfume, furniture care, Hair Care, Skin Care",
TriShave ,http://www.trishave.com.au/, ,"Hair Removal, Men's Range",
Turning Point ,http://naturesorganics.com.au/,vegan,Hair Care,
Two-winged Fruit  pof,http://www.twowingedfruit.com.au/, ,"Deodorant, Hair Care, Skin Care, Soap",
USPA  bp,http://uspa.com.au/, ,"Hair Care, Skin Care",
UV Natural,http://www.uvnatural.com/, ,"Skin Care, Sunscreen",
Ultraceuticals ,http://www.ultraceuticals.com/, ,"Make-Up, Skin Care",
Uniquely Natural ,http://www.uniquelynatural.com.au/,vegan,"Baby Care, Cleaning/Household, Deodorant, Hair Care, Skin Care",
Uniquely Organic ,http://organicformulations.com/,vegan,"Hair Care, Skin Care",
Vanessa Megan ,http://www.vanessamegan.com/, ,"Baby Care, Deodorant, Perfume, Hair Care, insect repellent, Men's Range, Skin Care",
Vasse Virgin ,https://vassevirgin.com.au/, ,"Aromatherapy and Massage, Candles, Hair Care, Men's Range, nail care, Skin Care, Soap",
Vegan Tree Owl ,http://www.vegantreeowl.com.au/,vegan,"Skin Care, Soap",
VeganPet  pof,http://www.veganpet.com.au/,vegan,Animal Care,
Venustus ,http://www.venustus.com.au/, ,"Aromatherapy and Massage, Perfume, Hair Care, Skin Care",
Viva La Body  pof,http://vivalabody.com/,vegan,"Aromatherapy and Massage, Deodorant, Hair Care, Insect Repellent, Perfume, Skin Care, Soap",
Voi ,http://www.voi.com.au/,vegan,"Baby Care, Cleaning/Household, Deodorant, Hair Care, Men's Range, Skin Care",
VonBlu Cosmetics ,https://www.vonblucosmetics.com/,vegan,Make-Up,
Vrindavan Natural Body Care ,http://www.vrindavanbodycare.com/, ,"Aromatherapy and Massage, Baby Care, Deodorant, Perfume, Hair Care, Insect Repellent, Men's Range, Skin Care, Soap, Toothpaste",
Warbotanicals ,http://www.warbotanicals.com/, ,"Animal Care, Baby Care, Hair Care, Insect Repellent, Skin Care",
Woohoo! Natural Deodorant ,http://woohoobody.com.au/,vegan,Deodorant,
Y natural skincare ,http://www.ynatural.com.au/,vegan,"Hair Care, Skin Care",
Yuva ,http://www.yuva.com.au/,vegan,"Make-Up, Skin Care",
Ziel Essence ,https://www.zielessence.com.au/,vegan,"Aromatherapy and Massage, Skin Care",
Zuii Organic ,http://www.zuiiorganic.com/,vegan,Make-Up,
bee one of a kind ,http://beeoneofakind.com/, ,"Deodorant, Skin Care",
blast ,http://naturesorganics.com.au/,vegan,Cleaning/Household,
blossom eco skin care ,http://www.blossom.com.au/, ,"Aromatherapy and Massage, Baby Care, Candles, Skin Care, Soap",
de'bee signature balms t pof,http://www.debee.com.au/,vegan,"Baby Care, Candles, Skin Care",
earth skinfoods ,http://www.earthskinfoods.com/, ,"Baby Care, Hair Care, Sunscreen",
ecosoothe ,http://organicformulations.com/,vegan,"Aromatherapy and Massage, Skin Care",
ecostore ,http://www.ecostore.com.au/, ,"Baby Care, Cleaning/Household, Hair Care, Skin Care, Soap",
elly b ORGANIC SKINCARE  bp,http://www.ellyb.com.au/, ,Skin Care,
emma organics ,http://organicformulations.com/, ,"Skin Care, Sunscreen",
enbacci ,http://www.enbacci.com/, ,Skin Care,
iRaw ,https://kuush.com/,vegan,"Cleaning/Household, Hair Care, Make-Up, Men's Range, Skin Care, Soap, Toothpaste",
ime natural perfume ,http://www.ime-natural-perfume.com.au/,vegan,Perfume,
moom ,http://www.moom.com/,vegan,Hair Removal,
one&co ,http://www.oneandco.com.au/,vegan,"Make-Up, Skin Care",
organicspa ,http://www.organicspa.com.au/,vegan,Skin Care,
playdays ,http://www.playdayswipes.com.au/,vegan,"Baby Care, Skin Care",
pureheaven ,http://www.pureheaven.com.au/, ,"Aromatherapy and Massage, Baby Care, Candles, Deodorant, Perfume, Hair Care, Insect Repellent, Make-Up, Men's Range, Nail Care, Skin Care, Soap",
raw beauty naturally ,http://zkinorganics.com.au/,vegan,Skin Care,
zk'in ,http://www.pureheaven.com.au/,vegan,"Baby Care, Men's Range, Skin Care, Soap",
