100% PURE ,Vegan Options,,,
786 COSMETICS ,Vegan,,,
ABBA ,Vegan,,,
ABELA COSMETICS ,Vegan,,,
ACQUARELLA ,Vegan,,,
ACURE ,Vegan,,,
ADESSE NEW YORK,Vegan,,,
ADORN COSMETICS ,Vegan,,,
ADWOA BEAUTY,,,,
AESOP ,Vegan,,,
AETHER BEAUTY ,Vegan,,,
AFRICAN BOTANICS ,Vegan,,,
AG HAIR ,Vegan Options,,,
AJA NATURALS,,,,
ALBA BOTANICA ,Vegan Options,,,
ALIMA PURE ,Vegan Options,,,
ALL GOOD PRODUCTS,,,,
ALL HEART ,Vegan,,,
ALPYN BEAUTY ,Vegan,,,
AMIE SKINCARE,,,,
AMIKA ,Vegan Options,,,
ANASTASIA BEVERLY HILLS ,Vegan Options,,,
ANDALOU NATURALS,,,,
ANTIPODES ,Vegan Options,,,
ANTONYM,,,,
ARCTIC FOX HAIR COLOR ,Vegan,,,
ARDELL,,,,
AROMI ,Vegan,,,
ARTNATURALS,,,,
ASCENTION BEAUTY CO ,Vegan,,,
ATHAR’A PURE ,Vegan,,,
ATOMIC MAKEUP ,Vegan,,,
ATTITUDE ,Vegan,,,
AU NATURALE ,Vegan,,,
AUBREY ORGANICS,,,,
AUROMERE,,,,
AVALON ORGANICS ,Vegan Options,,,
AVEDA,Vegan Options,,,
AVRIL,,,,
AWAKE BEAUTY,,,,
AXIOLOGY ,Vegan,,,
B. ,Vegan,,,
BABO BOTANICALS,,,,
BADGER,,,,
BALI BALM ,Vegan,,,
BARE ENGLISH & CO. ,Vegan,,,
BARE REPUBLIC,,,,
BAREFACED BEAUTY ,Vegan,,,
BAREFOOT SCIENTIST,,,,
BAREMINERALS ,Vegan Options,,,
BARRY M ,Vegan Options,,,
BASE BUTTER ,Vegan,,,
BASK + BLOOM ESSENTIALS,,,,
BEACHWAVER CO. ,Vegan,,,
BEAUTY BY POPSUGAR ,Vegan Options,,,
BEAUTY IN THE RAW ,Vegan,,,
BEAUTY KITCHEN,,,,
BEAUTY PIE ,Vegan Options,,,
BEAUTYBLENDER ,Vegan Options,,,
BECCA,Vegan Options,,,
BEKURA BEAUTY,,,,
BELLADONNA SOAPS ,Vegan,,,
BESAME COSMETICS,,,,
BH COSMETICS ,Vegan Options,,,
BIOSSANCE ,Vegan,,,
BITE BEAUTY ,Vegan,,,
BITE TOOTHPASTE BITS ,Vegan,,,
BKIND ,Vegan,,,
BLACK MOON COSMETICS ,Vegan,,,
BLACK|UP ,Vegan Options,,,
BLENDSMART,,,,
BLINC ,Vegan Options,,,
BLISS ,Vegan Options,,,
BLISSOMA ,Vegan,,,
BLOOMTOWN ,Vegan,,,
BODYBLOQ ,Vegan,,,
BOODA ORGANICS ,Vegan,,,
BOTANICS,,,,
BRIANNA’S HANDMADE SOAP ,Vegan,,,
BRIOGEO ,Vegan Options,,,
BUDDY SCRUB ,Vegan,,,
BULLDOG SKINCARE ,Vegan,,,
BUTTER LONDON ,Vegan Options,,,
BUXOM,Vegan Options,,,
BY ROSIE JANE ,Vegan,,,
CAKE BEAUTY ,Vegan,,,
CANDY X PAINTS ,Vegan,,,
CAPTAIN BLANKENSHIP,,,,
CATRICE ,Vegan Options,,,
CHANTECAILLE ,Vegan Options,,,
CHARLOTTE TILBURY ,Vegan Options,,,
CIATE LONDON ,Vegan Options,,,
CLEAN PERFUME ,Vegan,,,
CLEAR CONSCIENCE  HERE!,Vegan Options,,,
CLOVE + HALLOW ,Vegan,,,
COAL AND CANARY ,Vegan,,,
COCOFLOSS ,Vegan,,,
COLOR CLUB ,Vegan,,,
COLOR WOW,,,,
COLORESCIENCE,,,,
COLOURED RAINE,,,,
COLOURPOP,Vegan Options,,,
CONCRETE MINERALS ,Vegan,,,
CONSONANT SKINCARE,,,,
COOLA ,Vegan Options,,,
COTÊ HAIR ,,,,
COURAL CARE ,Vegan,,,
COVER FX ,Vegan,,,
COVERGIRL,Vegan Options,,,
COWSHED,,,,
CRAZY RUMORS ,Vegan,,,
CRYSTAL DEODORANT ,Vegan,,,
CURLSMITH ,Vegan,,,
CUROLOGY ,Vegan,,,
DA BOMB ,Vegan,,,
DAVIDS ,Vegan,,,
DAZZLE DRY ,Vegan,,,
DEBORAH LIPPMANN,,,,
DECO MIAMI ,Vegan,,,
DEEP STEEP,,,,
DEFINEME FRAGRANCES ,Vegan,,,
DELIA ORGANICS ,Vegan,,,
DEMES ,Vegan,,,
DERMA E ,Vegan,,,
DERMABLEND ,Vegan Options,,,
DERMALOGICA ,Vegan Options,,,
DESERT ESSENCE ,Vegan Options,,,
DEVACURL,,,,
DIMENSION NAILS ,Vegan,,,
DOLMA PERFUMES ,Vegan,,,
DOSE OF COLORS ,Vegan Options,,,
DOUBLEDOWN COSMETICS,,,,
DR BRITE ,Vegan,,,
DR BRONNER’S,,,,
DR DENNIS GROSS SKINCARE,,,,
DR HAUSHCKA ,Vegan Options,,,
DR ROEBUCK’S,,,,
DRUNK ELEPHANT ,Vegan Options,,,
DRYBAR ,Vegan Options,,,
E NATURE,,,,
ECOSLAY,,,,
ECOTOOLS ,Vegan,,,
ELATE COSMETICS ,Vegan,,,
ELEMENTARY ,Vegan,,,
ELEMENTS OF ALIEL,,,,
ELEMIS ,Vegan Options,,,
ELF COSMETICS ,Vegan,,,
ELLA + MILA ,Vegan,,,
ELLE JOHNSON CO.,,,,
ELLIE BIANCA,,,,
ELLIS BROOKLYN,,,,
ELLOVI ,Vegan,,,
EMANI ,Vegan,,,
EO PRODUCTS ,Vegan,,,
ERBORIAN,,,,
ERIN’S FACES,,,,
ESSENCE ,Vegan Options,,,
ETAT LIBRE D’ORANGE,,,,
EVA NYC,,,,
EVERY MAN JACK,,,,
EVERYDAY MINERALS ,Vegan,,,
EVOHE SKINCARE ,Vegan,,,
EVOLVH,,,,
EYEKO ,Vegan Options,,,
EYLURE,,,,
FABLE & MANE ,Vegan,,,
FACE ATELIER,,,,
FAIRYPANTS ,Vegan,,,
FARMACY ,Vegan Options,,,
FARSALI ,Vegan,,,
FIRST AID BEAUTY,Vegan Options,,,
FITGLOW,,,,
FLAUNT BODY ,Vegan,,,
FLORA + BAST,,,,
FLORA + CURL,,,,
FLORAL STREET ,Vegan,,,
FLOSS GLOSS ,Vegan,,,
FLOWER BEAUTY ,Vegan Options,,,
FORMULA 10.0.6 ,Vegan Options,,,
FRANK BODY,,,,
FRENCH GIRL ,Vegan,,,
FUR ,Vegan,,,
GABRIEL COSMETICS,,,,
GIOVANNI ,Vegan Options,,,
GIRL+HAIR ,Vegan,,,
GIRLPALOOZA ,Vegan,,,
GLOSS MODERNE ,Vegan,,,
GLOSSIER ,Vegan Options,,,
GOOD DYE YOUNG ,Vegan,,,
GOSH COSMETICS ,Vegan Options,,,
GRANDE COSMETICS,,,,
GREEN BEAVER,,,,
GREEN PEOPLE,,,,
HABIT COSMETICS ,,,,
HARVEY PRINCE ORGANICS ,,,,
HASK ,Vegan Options,,,
HAUS LABS ,,,,
HELLO PRODUCTS,,,,
HEMPZ ,,,,
HERBIVORE BOTANICALS ,,,,
HEROINE.NYC ,,,,
HIGH BEAUTY ,,,,
HIRO COSMETICS ,,,,
HISTOIRES DE PARFUMS,,,,
HONEYBEE GARDENS,,,,
HONEYPIE MINERALS ,,,,
HOURGLASS ,Vegan Options,,,
HUDA BEAUTY ,Vegan Options,,,
HUMAN + KIND ,,,,
HURRAW! BALM ,,,,
HUSH + DOTTI ,,,,
IGK HAIR ,,,,
ILIA ,Vegan Options,,,
ILLAMASQUA,,,,
INC.REDIBLE,,,,
INDIE LEE,,,,
INIKA ORGANIC ,,,,
INNERSENSE ORGANIC BEAUTY,,,,
ISLE OF PARADISE ,,,,
IT’S A 10 HAIRCARE,,,,
JACK BLACK,,,,
JACQ’S ORGANICS ,,,,
JANE IREDALE ,Vegan Options,,,
JASON ,Vegan Options,,,
JECCA BLAC ,,,,
JEFFREE STAR COSMETICS ,,,,
JOHN MASTERS ORGANICS,,,,
JOHNNY CONCERT ,,,,
JOLIE BEAUTY,,,,
JORDANA ,Vegan Options,,,
JOSIE MARAN ,Vegan Options,,,
JOUER ,Vegan Options,,,
JUICE BEAUTY ,Vegan Options,,,
JULEP,,,,
JULIETTE HAS A GUN,,,,
KARI GRAN ,Vegan Options,,,
KARMA ORGANIC ,,,,
KAVELLA ,,,,
KESTER BLACK ,,,,
KIARA SKY,,,,
KISS MY FACE,,,,
KJAER WEIS,,,,
KOH GEN DO ,Vegan Options,,,
KOPARI ,Vegan Options,,,
KORRES ,Vegan Options,,,
KOSAS COSMETICS ,Vegan Options,,,
KREYÒL ESSENCE,,,,
KVD VEGAN BEAUTY ,,,,
KYLIE COSMETICS ,Vegan Options,,,
LA COULEUR COUTURE ,,,,
LA GIRL ,Vegan Options,,,
LAFE’S NATURAL BODYCARE,,,,
LANI ,,,,
LAROCCA SKINCARE ,,,,
LAURA GELLER,,,,
LAUREN B BEAUTY ,,,,
LAUREN NAPIER BEAUTY,,,,
LAVANILA,,,,
LAWS OF NATURE COSMETICS ,,,,
LE PRUNIER ,,,,
LEE STAFFORD,,,,
LILAH B. ,Vegan Options,,,
LILY LOLO,,,,
LIME CRIME ,,,,
LIPANI SKINCARE,,,,
LIT COSMETICS ,,,,
LIVE CLEAN,,,,
LIVE LOVE POLISH ,,,,
LIVING PROOF ,,,,
LONDON GRANT,,,,
LONDONTOWN,,,,
LORD JONES,,,,
LOTTIE LONDON ,Vegan Options,,,
LOVINAH SKINCARE,,,,
LOVING CULTURE ,,,,
LOVING TAN ,,,,
LULULEMON SELFCARE,,,,
LUMENE ,Vegan Options,,,
LUNATICK COSMETIC LABS ,,,,
LUSH,,,,
LUXIE BEAUTY ,,,,
LVX ,,,,
LXMI ,,,,
MAD HIPPIE,,,,
MADAM GLAM ,,,,
MADAME LEMY ,,,,
MAHINA BEAUTE ,,,,
MAISON LOUIS MARIE ,,,,
MAKEUP GEEK ,Vegan Options,,,
MAKEUP REVOLUTION ,Vegan Options,,,
MANIC PANIC,,,,
MARIA NILA ,,,,
MARIE HUNTER BEAUTY,,,,
MARIO BADESCU ,Vegan Options,,,
MARVIS ,,,,
MASQUE BAR,,,,
MAVALA,,,,
MDSOLARSCIENCES,,,,
MEDUSA’S MAKE-UP ,,,,
MELT COSMETICS ,Vegan Options,,,
MEOW MEOW TWEET ,,,,
MILANI ,Vegan Options,,,
MILK MAKEUP ,,,,
MINERAL FUSION ,Vegan Options,,,
MISS FRANKIE ,,,,
MOGI MOUSSE ,,,,
MOMMA ,,,,
MOON JUICE,,,,
MOROCCANOIL,,,,
MOTD COSMETICS ,,,,
MOYOU LONDON,,,,
MRS. MEYERS CLEAN DAY,,,,
MUA (MAKE UP ACADEMY) ,,,,
MUDD BEAUTY ,,,,
MULONDON ,,,,
MŪN ,,,,
MURAD ,Vegan Options,,,
MYCHELLE DERMACEUTICALS,,,,
NABLA COSMETICS,,,,
NAILBERRY,,,,
NAILS INC.,,,,
NAKIN,,,,
NANSHY ,,,,
NATASHA DENONA ,Vegan Options,,,
NATURALL CLUB,,,,
NATURTINT ,,,,
NCLA ,,,,
NEWCO,,,,
NIP + FAB ,Vegan Options,,,
NIU BODY ,,,,
NOLASKINSENTIALS ,,,,
NONIE OF BEVERLY HILLS ,,,,
NOT YOUR MOTHER’S ,Vegan Options,,,
NOUGHTY ,,,,
NOURISH ORGANIC,,,,
NOVEL SKINCARE ,,,,
NOW FOODS,,,,
NUDE BY NATURE,,,,
NURIA BEAUTY ,,,,
NYX COSMETICS ,Vegan Options,,,
ODACITE SKINCARE,,,,
OFRA ,,,,
OH TIFF! ,,,,
OLAPLEX ,,,,
OLE HENRIKSEN ,Vegan Options,,,
OLIVE AVE POLISH ,,,,
OMOROVICZA ,Vegan Options,,,
ONYX PROFESSIONAL,,,,
OOO POLISH ,,,,
ORGANIGROWHAIRCO ,,,,
ORIBE,Vegan Options,,,
ORLY ,,,,
OSEA ,,,,
OSHUN ORGANICS ,,,,
OUAI ,Vegan Options,,,
OUIDAD ,Vegan Options,,,
OVEROSE ,,,,
OVERTONE ,,,,
OZNATURALS ,,,,
PACIFICA ,,,,
PAI SKINCARE ,,,,
PALATE POLISH ,,,,
PARISSA,,,,
PAUL MITCHELL ,Vegan Options,,,
PAULA’S CHOICE ,Vegan Options,,,
PAYARU ,,,,
PELLE BEAUTY ,,,,
PEOPLE OF COLOR BEAUTY ,,,,
PERCY NOBLEMAN,,,,
PERRICONE MD ,Vegan Options,,,
PERSONNA RAZORS ,,,,
PHB ETHICAL BEAUTY ,,,,
PHILLIP ADAM ,,,,
PHLUR ,,,,
PICTURE POLISH ,,,,
PIGGY PAINT ,,,,
PIPERWAI ,,,,
PIXI BEAUTY ,Vegan Options,,,
PLAIN JANE BEAUTY,,,,
PLAYA,,,,
POÉTHIQUE ,,,,
PRETTY FRANK,,,,
PRETTY VULGAR ,Vegan Options,,,
PRETTY WOMAN ,,,,
PRIME BEAUTY COSMETICS ,,,,
PRITI NYC ,,,,
PÜR ,Vegan Options,,,
PURE ANADA,,,,
PUREOLOGY,,,,
R+CO ,,,,
RADIUS,,,,
RAHUA ,,,,
RANGE BEAUTY ,,,,
REAL TECHNIQUES ,,,,
RED APPLE LIPSTICK ,,,,
REN ,Vegan Options,,,
RESSENTIR COSMETICS ,,,,
REVERIE ,,,,
RITUALS,,,,
RMS BEAUTY,,,,
ROOT BEAUTY ,,,,
SACHAJUAN ,,,,
SAINT JANE ,,,,
SANCTUARY SPA,,,,
SAND & SKY,,,,
SAPPHO NEW PARADIGM ,,,,
SCHMIDT’S ,,,,
SCOTCH PORTER ,,,,
SEABUCKWONDERS,,,,
SEPTEMBER ROSE COSMETICS ,,,,
SERIOUSLY FAB ,,,,
SEVENTH GENERATION ,,,,
SIENNA BYRON BAY ,,,,
SIMKHA BIOCOSMÉTIQUES ,,,,
SKIN REPUBLIC,,,,
SKIN&CO ,,,,
SKINFIX ,Vegan Options,,,
SKOOKIES ,,,,
SKYLAR ,,,,
SKYN ICELAND ,,,,
SMASHBOX ,Vegan Options,,,
SMITH & CULT ,Vegan Options,,,
SOAPWALLA ,,,,
SOL DE JANEIRO,,,,
SOOTHESKIN ,,,,
SOPHI ,,,,
SPARITUAL ,,,,
SPECTRUM COLLECTIONS ,,,,
SPLAT HAIR COLOR ,,,,
ST. IVES ,Vegan Options,,,
ST. TROPICA ,,,,
ST. TROPICA ,,,,
STACKEDSKINCARE ,,,,
STATIC NAILS ,,,,
STATIC NAILS ,,,,
STELLAR BEAUTY ,Vegan Options,,,
STELLAR BEAUTY ,Vegan Options,,,
STRIVECTIN ,Vegan Options,,,
SUDSATORIUM ,,,,
SUGAR COSMETICS,,,,
SUGARPILL COSMETICS,,,,
SUKIN ,,,,
SUMMER FRIDAYS ,,,,
SUNDAY RILEY ,Vegan Options,,,
SUNTEGRITY ,,,,
SUPERGOOP! ,Vegan Options,,,
SURYA BRASIL ,,,,
SW BASICS,,,,
SWEAT COSMETICS ,,,,
SWEET LEILANI COSMETICS ,,,,
TARTE ,Vegan Options,,,
TATA HARPER ,Vegan Options,,,
TATCHA,Vegan Options,,,
TAUPE COAT ,,,,
TEADORA ,,,,
TEAOLOGY ,,,,
TENOVERTEN ,,,,
THE 7 VIRTUES ,,,,
THE BETTER SKIN CO.,,,,
THE BODY SHOP ,Vegan Options,,,
THE GLOWCERY ,,,,
THE HONEY POT COMPANY,,,,
THE INKEY LIST ,Vegan Options,,,
THE ORDINARY,,,,
THE VEGAN GLOW ,,,,
THE WELLNESS APOTHECARY,,,,
THE WONDER SEED ,,,,
THEBALM ,Vegan Options,,,
THESIS ,,,,
THINKBABY,,,,
THINKSPORT,,,,
TIMELESS SKIN CARE,,,,
TINTS OF NATURE ,,,,
TOKYOMILK,,,,
TOM’S OF MAINE,,,,
TOO FACED ,Vegan Options,,,
TOUCH IN SOL,,,,
TRESTIQUE ,Vegan Options,,,
TRILOGY,,,,
TRIUMPH & DISASTER,,,,
TRUE MORINGA ,,,,
TRUST FUND BEAUTY ,,,,
UNDONE BEAUTY,,,,
UNSUN COSMETICS,,,,
URBAN DECAY ,Vegan Options,,,
VAPOUR ORGANIC BEAUTY,,,,
VASANTI COSMETICS,,,,
VEGAN MIA ORGANICS ,,,,
VEIL COSMETICS ,,,,
VELETTÀ ,,,,
VEQUE ,,,,
VERSED SKINCARE ,,,,
VIRTUE LABS,,,,
VITRUVI ,,,,
VOIR HAIRCARE,,,,
VOLITION BEAUTY ,Vegan Options,,,
WANDER BEAUTY ,Vegan Options,,,
WELEDA ,Vegan Options,,,
WHITE RABBIT SKINCARE ,,,,
WILD SPIRIT FRAGRANCES ,,,,
WINKY LUX ,Vegan Options,,,
WISHFUL SKINCARE ,Vegan Options,,,
WOOSH BEAUTY,,,,
WUNDER2 ,Vegan Options,,,
YARDLEY LONDON,,,,
YES TO ,Vegan Options,,,
YOUNG KING HAIR CARE ,Vegan,,,
YOUTH TO THE PEOPLE ,Vegan,,,
YUBI BEAUTY ,Vegan,,,
YUNI ,Vegan,,,
ZAO ORGANIC MAKEUP ,Vegan,,,
ZOYA,,,,
ZUZU LUXE ,Vegan,,,
