&Sunny,,
*hype bath & body,,
*hype nail,,
1'Lux Beauty,,
10 Free Chemistry,,
100% Pure,,
1121 Apothecary,,
180º Essentials SkinCare,,
21 Drops,,
2nd KIND,,
3rd Rock Essentials,,
4-Legger,,
7th Heaven,,
A Girl's Gotta Spa!,,
A Joy Forever Bath + Body,,
A La Maison,,
A to Z Candles,,
A Wild Soap Bar,,
A.M.Y. Belles Beauty,,
A2Z Beauty,,
aavrani,,
AB Skincare,,
Abbey Essentials,,
Abby Rose Skin Care,,
Abnomaly,,
Acaderma,,
AcARRE,,
Act+Acre,,
Active CBD Oil,,
Active Wow,,
ACURE,,
Adara Naturals,,
Adélie®️,,
Adesse New York®,,
Adorable Baby by Loving Naturals,,
ADORAtherapy,,
adwoa beauty™ llc,,
Aether Auto,,
Aether Beauty,,
Affirm Beauty,,
Affordable Mineral Makeup,,
Afterglow Cosmetics,,
Afterworld Organics,,
AHIMSA apotheca,,
Aim HI Every Day,,
Airelle Skin Inc.,,
Alaska Glacial Mud Co.,,
Alba Botanica,,
Alchimie Forever,,
ALEVA NATURALS,,
Alexandria Professional,,
All Good,,
All Heart,,
All Kind,,
All Natural Advice,,
allBambu,,
Allison's Artisan Goods,,
Allure Labs,,
allyoos,,
Alpyn Beauty,,
ALTR Soaps,,
AMALUMY,,
Amame,,
Amanda Ross Skin Care,,
Amazonia Skincare,,
Amber Budd Skincare,,
Amber House,,
American Botanics,,
American College of Healthcare Sciences Apothecary Shoppe,,
Ametrine Organics,,
Amika,,
An-Hydra,,
Ana Carttori New York,,
Ananda Blissful Rituals,,
Ananda Hemp,,
Ananda Professional,,
Ananda Touch,,
Ancient Egyptian Bath And Body Elixirs,,
Ancient Secrets,,
Andalou Naturals,,
Andrea,,
Angel Beauty,,
Angela Caglia Skincare,,
Angie Watts,,
Annie Fannie's Sunshine LLC,,
Annmarie Skin Care,,
Anointment Natural Skin Care Inc.,,
anokha®,,
Anthea Skincare,,
ANTI NEW YORK,,
Antiquity BC,,
Antonym Cosmetics,,
Ao Skincare,,
AOB,,
aos SKINCARE,,
Apeel Aesthetics Naturals,,
Apis Mercantile,,
Apoterra Skincare,,
Apothecanna,,
Apothecary Lane,,
Apothepurity,,
Appalachian Growers,,
Apply Valley Natural Soap,,
APTO,,
Aqua Natural,,
Aquableu,,
Aquareveal,,
Aquis,,
Arch Addicts,,
Arches & Halos,,
ARCONA,,
Arctic Beauty,,
Ardell,,
Ardell Beauty,,
Arianna Skincare,,
Arilan Skincare,,
Ariza Beauty,,
Aroma Bella,,
Aroma Naturals,,
Aromazotika,,
Aromi,,
Ascention,,
Asili Naturals,,
ASO Sport,,
AspenClean,,
Astonish Cleaning Products,,
Atarah Faith,,
Athar'a Pure,,
Atmosphoria,,
Au Naturale Cosmetics,,
Au Naturel Botanicals,,
Aunt Fannie's,,
Auromère Ayurvedic Imports,,
Austin Rose,,
Avalea,,
Avalon Organics,,
Avarelle,,
AVERE BLU,,
Averr Aglow Skincare,,
AveSeena,,
AVYA SKINCARE,,
AYAM Beauty Care,,
Ayelet Naturals,,
AYOND,,
Azure,,
B&N All Natural,,
BAABS Beauty,,
Babe Glaze,,
Babo Botanicals,,
Baby MoonShine,,
Back to Basics Skincare,,
Badger,,
BaeBlu,,
Bāeo,,
Baiser Beauty,,
Balefire Apothecary,,
Bali Secrets,,
Bamboobies,,
Bang Beauty,,
Bare Blossom Skincare & Organics,,
Bare Ethics,,
Barefoot Scientist,,
Bartholomew Sisters,,
basd,,
Base Coat,,
Basic Beauty,,
Basic Earth Essentials,,
BATCH by Wisconsin Hemp Scientific,,
Bathing Culture,,
Bathorium Inc,,
Bayes,,
BB Lifestyle,,
BCakes LLC,,
Be Fancy Cosmetics,,
Be Soliflore,,
Beach Baby Bath & Body,,
Bean & Lily,,
Bean Álainn Naturals,,
Beard Care Club,,
Beard Factory,,
BEAUTENOTIONS,,
beautifood,,
Beauty by Earth,,
Beauty Society,,
Beauty Without Cruelty,,
Beautycounter,,
BeautyGARDE,,
Bedrock,,
bedu,,
Bee Bella,,
Bee Good Do Good,,
bee maternal organics,,
BeeKind,,
Beekman 1802,,
beets and blush,,
Begley's,,
Behale Organics,,
Bel Essence,,
Beléza by Vasayo,,
Bell Mountain Naturals,,
Bella Mari,,
Bella Vida Santa Barbara,,
BELLA'S SOAP BOX,,
Bellapierre Cosmetics,,
Belle Beauty,,
Belle en Argent,,
bemndful,,
Benevolent Skin Co Ltd.,,
Berlin Skin,,
Better Botanicals,,
Better For You Cosmetics,,
Better Life,,
Better Not Younger,,
Betula's Botanica,,
Beverly Hills MD,,
BH Cosmetics,,
Bili Beauty,,
BIM CANDLE MASK,,
Bio Follicle Vegan Plant Derived Hair Products,,
Biography Editions LLC,,
Biokleen,,
BIOS Oragnics,,
BioSphère Naturel,,
Biossance,,
BKIND,,
bkr,,
Bl'eau,,
Black and Berry Living,,
Black Dahlia Lacquer,,
Black Moon Cosmetics,,
Black Orchid Soaps,,
Black Sheep Organics,,
Black Tie Cosmetics,,
Blanc Beauty,,
Bliss Botanicals,,
Blissoma,,
BLNCD Naturals,,
Blocki,,
Bloomeffects,,
Bloomiss,,
Blu Ink Nail Lacquer,,
Blue Lemon Beauty,,
Blue Monarch,,
Blue Stone Apothecary,,
Blue Water Spa,,
Bluebird Botanicals,,
BlueKrow Artistry,,
Blueland,,
bluerub,,
Blume,,
blur laundry,,
Blush,,
BlushLips,,
bME - bMEN,,
Bodacious 10 Cosmetics,,
BODILEÉ,,
Body B Beautiful,,
Body Be Silk LLC,,
Body By Bella,,
Body Drench,,
Body Soup For The Soul,,
Body-Trick,,
Bogavia,,
Boho Aromatic,,
Bold & Bare,,
Bold By Elewa,,
Booda Organics,,
Bossy Cosmetics Inc.,,
BostonMints Refreshing Lipgloss,,
Botanic Organic,,
Botanic Skincare,,
Botanical Buzz,,
Botanical Republic,,
Botanicals Unleashed,,
Botanie Soap,,
Boulder Clean,,
Boutique by Hermosa,,
BOYZZ ONLY,,
Breakin Boundaries Soap Brewery,,
Bretanna Witch Hazel Products,,
Brew City Botanicals,,
Brianna's Handmade Soap,,
Brickell Men's Products,,
Bright Earth Foods,,
Briogeo,,
Bronzo Sensualé,,
Brooklyn and Bailey,,
Brookstone,,
browluxe®,,
Brown Butterfly,,
browtopia®️,,
BRUNE Cosmetics,,
Bubbly Moon Naturals,,
Bulldog Natural Skincare,,
Burke & Hare Co,,
Burt's Bees,,
Butterfly Bones Organics,,
by rosie jane,,
"By The Way, Your Hair Looks Fabulous",,
By Valenti Organics,,
Bye Bye Blemish,,
BYRD,,
C&Co.®,,
CADŌ,,
Cal & Gary's,,
Caldera + Lab,,
Caldrea,,
Caley Cosmetics,,
California North,,
California Pure Naturals,,
Calm A Mama,,
Calm Coyote,,
CALM Skin Care,,
Camellia Alise,,
Campo Beauty,,
CANDY x PAINTS,,
Cane and Bliss,,
Cannabliss Organic,,
CannaSmack,,
carera organix,,
Carlucce Inc.,,
Carmindy Beauty,,
Carolina Cosmetics,,
Carpeli Grooming & Personal Care,,
Carter + Jane,,
Castle Baths,,
Castle Baths Anna,,
Castle Baths Exotic Earth,,
CAUSE+MEDIC,,
CBD & Honey™ Body Care,,
CBD Daily,,
CBDent,,
CBDistillery,,
CD Beauty Cosmetics,,
Céla by Celine Tadrissi,,
Celestial Crystal Nails,,
Cell-U-Logic,,
Cellbone,,
CellularMD,,
Cezanne,,
Chaé Organics,,
Chagrin Valley Soap & Salve,,
Championne,,
Charcoal & Rose Petals,,
Charlotte Cook Cosmetics,,
Cheekiesoaps,,
chiki buttah products,,
China Glaze,,
Christine Valmy Inc.,,
CHUDA SKINCARE,,
Cibadol,,
CICBeauty,,
Cire d'Abeille,,
Citra Solv,,
Citrus on Main,,
Citrusway,,
City Beauty,,
Clair Beauty,,
clariSEA,,
CLARISMA,,
Claropsyche,,
Claudiana Beautanica,,
Clay's Naturals au carre,,
Clean + Easy,,
CLEAN BEAUTY by joy,,
Clean Kids Naturally,,
Clean Kiss,,
Clean Remedies,,
Clean River Products,,
cleancult,,
Cleaning Studio,,
Cleanyst,,
Clear Conscience,,
Clear Light New Mexico,,
CLEARISTA by Skincential Sciences,,
Climb Salve,,
Cloud 10,,
Clubman,,
Coastal Classic Creations,,
Coco Caffeinate,,
Coco Ensoleille,,
CoCoDot Affection,,
Cocofloss,,
Codex Beauty-Bia,,
Coffee & Hemp,,
ColorNoir,,
ColorpHlex,,
Coloured Raine,,
Comforte for PMS,,
Common Ground®,,
Complete Hemp,,
Comprehensive Cranium Care®,,
Concrete Minerals,,
Conscious Choice,,
Control Corrective Skincare Systems,,
Cora,,
Coral Sun,,
Core Cosmetic,,
COSM Research,,
Cosmic Element,,
Costa Brazil,,
COTE HAIR,,
COUI Skincare,,
Coural Care,,
CourtLynn Cosmetics,,
Courtney's Farm Charm Soap Company,,
Cove,,
CoverGirl,,
COXISTENCE SOAPS,,
Crafted Bath,,
Crambé Skincare,,
Crate 61 Organics,,
Crazy Cat Lady ™,,
Crazy Rumors,,
Creation Skin Sanctuary,,
"CreationsByWill,LLC",,
CremeFRESH Skin and Health Inc.,,
Creole Secret Therapeutic Aromatherapy,,
Cria,,
Cris's Blends,,
Cruelty Free Girls,,
CRUNCHI,,
Crystal Hills Organics,,
Crystal Wellness Company,,
CRYSTAL™ deodorant,,
CULT+KING,,
Cupid and Psyche Beauty,,
Curology,,
Cuvee Beauty,,
Cyan SkinCare,,
Dab Herb Makeup and Skincare,,
Dabble & Dollop,,
Dadirri,,
Daily Dry Shampoo,,
Daisy Blue Naturals,,
Damiva,,
Dancing Dingo,,
DANI Naturals,,
Davids Natural Toothpaste,,
Dawes Custom Cosmetics,,
De La Terre Skincare,,
Dear Jane,,
Dear Self Skincare,,
DĒAWY,,
Deep Steep,,
defy & Inspire,,
Deine,,
deja,,
DEMES,,
Derma E,,
Dermalogica,,
DermaQuest,,
Dermatologist's Choice Skincare,,
Detox Mode,,
DevaCurl,,
Devera Naturals,,
DeVita Natural Skin Care,,
DEW MIGHTY,,
Di'MYOOR,,
Diane Higgins Skincare,,
Diane Janowski Soap,,
Diane's Natural Solutions,,
Dimension Nails,,
Dioné Cosmetics,,
Dirty Lamb,,
Dirty Little Secret Cosmetics,,
Doggy Do Good,,
Dolce & Lay,,
Dollcake Skincare,,
Dollylocks Organic Products Inc,,
Doppeltree,,
Dose of Colors,,
DPR SKN,,
Dr. Bronner's Magic Soaps,,
Dr. Loretta,,
Dr. Mercola Healthy Skin,,
Dr. Moe's Mist,,
Dr. Sheffield's Premium Natural Toothpaste,,
Dr. Soap,,
Dr. Sylma,,
Dr. Woods Products,,
Dr.C Lab,,
Drifter Organics,,
"Driftless Skincare, LLC",,
DrJOrganics,,
Drunk Elephant,,
Drybar Products LLC,,
Duckish Natural Skin Care,,
Dunnock And Hinny,,
E Volve N You LLC,,
Earnest Mom,,
Earth + Co,,
Earth Friendly Products,,
Earth Harbor Naturals,,
EARTH TEMPO,,
Earth To Malibu,,
Earth Tu Face,,
Earth's Beauty,,
Earth's Best,,
Earth's Offerings LLC,,
EarthDye,,
Earthen Alchemy,,
Earthley Wellness,,
Earthly Body,,
Earthwise Beauty,,
EasterMia,,
Eavara,,
Echoclean,,
Eclipse,,
Eco Lips,,
Eco Nuts,,
Eco-DenT International,,
Eco-Me,,
Ecology Soap,,
Ecover,,
Edye's Naturals,,
Eggwhite Facial Soap,,
Eight Saints,,
EKC Deodorant,,
el-e-ments,,
Elaine Sterling Skincare,,
Elais Oils,,
elaluz,,
Elcove,,
Eldivia,,
elea blake,,
ELEMENT Elixirs,,
Elemental Promise,,
Elements of Aliel,,
Elevate CBD Cosmetics,,
Elevé Cosmetics,,
ELEWA natural,,
Elixery,,
Elixir Naturals,,
Ellen Lange Skin Science,,
ELON Essentials,,
Elvado,,
EmBeba,,
Embellished Unlimited,,
EMERA CBD Haircare,,
Eminence Organic Skin Care,,
Emz Blendz Soap Co.,,
Endure Beauty,,
EndureLash,,
EO Products,,
EP Soak by San Francisco Salt Co,,
Eptex,,
Era Organics,,
ERAPP HWWOPPXQ,,
Erbaviva,,
Erganik,,
Esker Beauty,,
Essential Wholesale & Labs,,
Essentiel by Adele,,
Essentiel Element Spa,,
Essentiel Elements Bathe,,
Essentiel Elements Treatment,,
ESTATE Cosmetics,,
ESW Beauty,,
Eva-NYC,,
Evan Alexander Grooming,,
evanhealy,,
EVENPRIME,,
EVER,,
EVXO,,
Exernal Skin Care Activated CharcoalFace Plus Body Wash,,
Explore Naturals,,
EXT,,
Ez Flow,,
Ezolistic,,
F.A.R.A.H BRUSHES,,
Fabula Nebulae,,
FACE atelier,,
Face Envy,,
FAR Botanicals,,
FATCO,,
Feel,,
Fekkai,,
Feral Cosmetics,,
FIELD,,
FíOR Mineral Cosmetics,,
"First Crop, Inc",,
Fit Organic,,
Fitglow Beauty,,
Five Petals,,
Fivesso,,
Flamingo Estate,,
Flawless by Gabrielle Union,,
Fleur & Bee,,
Flickable,,
FLOetic Beauty,,
Flora & Fauna,,
Flora 1761,,
Flora Mirabilis,,
Flora's Bare Skincare Ltd,,
Floral Study,,
florapothecarie,,
Floss Beauty,,
Flowery,,
Flowgevity,,
FLUX skin,,
Flyte.70,,
Follain,,
Footnanny,,
FOR LONG LIFE inc.,,
For The Biome,,
Forage Candle | Luxury Lotion Candles,,
Force of Nature,,
Forces of Nature,,
Forest Rhapsody Skincare,,
Forever Living Products,,
Forgotten Skincare,,
Formulary 55,,
Founders and Farmers,,
Fountain of Health CBD,,
Fountain of Truth,,
Fox Naturals,,
Foxbrim Naturals,,
Foxier Hair Company,,
Frangipani Body Products,,
Freck Beauty,,
Free Brands Inc,,
Fresame Cosmetics,,
Friendsheep,,
Frilliance,,
Fromonda,,
Frostaholics,,
Full Unicorn,,
Furtuna Skin,,
Fyve,,
Gabriel Cosmetics,,
Gaia Natural Cleaners,,
Gaia Smiles,,
Gaia’s Melanin Shield,,
Gal Go Green,,
Galiano Island Soapworks,,
Gállány,,
Gardener's Dream,,
Gastown Soapworks,,
Gelo,,
Gemstone Organic,,
Gena,,
Genexa Inc.,,
Genial Day,,
Gentleman Farmer,,
Gigi,,
Gilchrist & Soames,,
ginger & waldo,,
Giordano Colors,,
Giovanni,,
GIRLPALOOZA,,
GKhair,,
GladRags,,
Glam Beautie Skincare,,
Glam Natural Hair by Aronda Denise,,
Glam Up,,
GLASS GLOSS Lip Beauty,,
Gleamin,,
Glitter Realm Cosmetics,,
Global Beauty,,
Glop & Glam Hair Products,,
Glossier,,
Glow Recipe,,
Glow Skincare,,
Glowing Orchid Organics,,
GO by greenshield organic,,
Go Fabulous Skin,,
GO Natural!,,
Goddess Garden,,
Good For You Girls,,
Good Nature Essentials,,
Got A Light Soy Candles,,
GR8 Skincare,,
Grace & Stella,,
Grateful Body Botanical Skin Care,,
Gray Lane Beauty,,
Graydon Skincare,,
Green Envee,,
Green Girl Basics,,
Green Glow Beauty,,
Green Goo,,
Green Tidings,,
Green Witch Goods,,
Greensky,,
Gressa Skin LLC,,
grey sky,,
Groomer & George Organic Apothecary for Dogs,,
Grounded Sage Skincare,,
Grove Collaborative,,
Grow Fragrance,,
Gryph & IvyRose,,
Guild+Pepper,,
Gundry MD,,
GuruNanda,,
Hain Celestial,,
Hair 180º,,
HairRx,,
"Halcyon Botanics, Inc.",,
Hallo Iceland,,
Hallo Sapa!,,
Hallowed Ground Essentials,,
Hallyu,,
HAN Skincare Cosmetics,,
Hanson Skincare,,
Haoma,,
Happy Pits Natural Vegan Deodorant,,
Happy Place,,
Happy Seeds,,
Happy Spritz,,
Hara Healing Boutique,,
Hard Night Good Morning,,
Hari Om Hemp,,
"Harlem Botanica,LLC",,
Harvest Moon Cosmetics,,
HASK,,
HATCH MAMA,,
HawgWilde Cosmetics,,
Hayden,,
Healist Advanced Naturals,,
HealthNaturally,,
healthy hoohoo,,
Heleka,,
Helena Lane Skincare,,
Helicase Soapery,,
Helix Skin Science,,
HELLEN,,
Hello Bello,,
Hello Handsome,,
hello products,,
Hemp and Company,,
Hempathy,,
Hempfield Botanicals,,
Hemplucid,,
Henna Color Lab®,,
HENRŸIA Beauté Essentielle,,
Her Mannerisms,,
Herbalist Made LLC,,
Herban Beautanicals,,
Herbivore Botanicals,,
Herbs + Oils Bath,,
Heritage Park Laundry Essentials,,
heroine.nyc,,
Hers,,
HIF,,
Hims,,
HiQ Cosmetics,,
HiRuna Designs,,
Hit The shower,,
HnP,,
HOLIFROG,,
HollyBeth Organics,,
Holy Snails,,
Home Spa Collection,,
Homemade Betty LLC,,
Homestead Body,,
HOMMEFACE,,
Honestly pHresh,,
Honey & Be,,
Honeybee Gardens,,
Honeylush Naturals,,
Hot Tot,,
House of Lashes,,
HOWND,,
Humanist Beauty,,
Humble Brands,,
Humboldt Soap Company,,
Huna Skin Inc,,
Hurraw! Balm,,
Hush + Dotti,,
Hylamide,,
Hylunia Skincare,,
HYMED SKINCARE,,
Hynt Beauty,,
I Am Labs,,
I Luv It,,
I'M FABULOUS COSMETICS,,
i.m. Walrus Soaps,,
IBD,,
Ice'd Beauty Co.,,
Icing on the Face,,
IGK LLC,,
IL Health & Beauty Natural Oils,,
ILIA,,
Imagen Cosmetics,,
Imaya Beauty,,
Immaculate Anti-Aging,,
Immaculate Minerals,,
Impäkt Organic,,
IMPAQT RESONANCE 396,,
iN.gredients,,
Indie Lee & Co.,,
Indigo Bath and Body,,
Infinite CBD,,
InfiniteAloe,,
Infinity,,
Infuse Casabella,,
Ingredients Matter,,
Ingreendients,,
INK,,
inkbox,,
Inked Doll Cosmetics,,
Inlight Organic Skincare,,
Innate Organic Body,,
Innersense Organic Beauty,,
inShield Washer,,
Inspired Sense,,
InstaNatural,,
Intelligent Nutrients,,
"Iredale Cosmetics, Inc.",,
It's A 10 Haircare,,
Ivy & Elder,,
J Bloom Cosmetics,,
Jaboneria Marianella,,
Jade Lilly,,
Jar Bar Makeup,,
JĀSÖN,,
Jazmine Beauty,,
JB Greek,,
JE Cosmetics Inc.,,
Jefferson Bee Company,,
Jeffree Star Cosmetics,,
Jeffrey James Botanicals,,
Jhirmack,,
Jiva Organics,,
Jivi,,
JKosmmune,,
JNS Skincare,,
Joanna Vargas,,
"Jonteblu, LLC",,
Jordan Samuel Skin,,
Jordana Cosmetics,,
Joss+lyn,,
Jouer Cosmetics,,
Jouvé,,
Joyce Giraud,,
Jubel Naturals,,
Juice Beauty,,
Jules & Vetiver,,
July St. Claire Cosmetics,,
Juniper & Pine Organics,,
Just Bubbly,,
Just E Skincare,,
JUST GLOW,,
Just Honey Bees,,
Just Make Scents,,
Just the Goods,,
JustBirch,,
K'pure Naturals,,
Kahina Giving Beauty,,
Kalastyle,,
Kalki,,
KalVera Skincare,,
KAPLAN MD BEVERLY HILLS,,
KARA BEAUTY / KARA DUO,,
KARIBO,,
Karla's Organic Beauty,,
Karmela Cosmetics,,
Kat Burki,,
Kat's Naturals,,
Kate McLeod,,
Kavella Hair Care,,
Keanu,,
Keeki Pure and Simple,,
Keep Me Safe,,
Kelly Teegarden Organics,,
Kensington Apothecary,,
Kensli’s Love LLC,,
Kett Cosmetics,,
Khairpep,,
Khakuun Designs,,
Kilted Suds,,
KINAPURE,,
Kind Jo Natural & Organic Cosmetics,,
KINDri Los Angeles,,
Kinfield,,
Kino Hawaiian Skincare,,
Kinship,,
KINX,,
Kirk's,,
KISHI™ Skin,,
Kiss Kiss Goodnight,,
Kiss Me Honey,,
Kitten,,
KLARIF,,
Klō Organic Beauty,,
Kmoni Cosmetics LLC,,
Knotty Boy,,
Koils by Nature,,
"Kokie Cosmetics, Inc.",,
Kokokahn Essential Oils,,
KolorsbyK,,
Konjac Natural Care,,
Kosmatology,,
KOVO Essentials,,
KPS Essentials,,
Kreations By Kay,,
Krete,,
"KREYÓL ESSENCE, LLC.",,
Kudarat,,
Kūlia,,
Kure La Vie,,
KYPRIS,,
L'AVANT Collective,,
L'core Paris,,
L'EUDINE,,
L'Fiori Lacquer,,
L'Orbette,,
L'uvalla Cerified Organic,,
La Ceiba Botanical Skincare,,
La Coéss,,
La Pharmacie d'invention,,
Lady Burgundy,,
Lady V Lacquer,,
Lafemation's Simple Path Botanical Skin Care,,
Lafes Natural BodyCare,,
Laguna Herbals,,
Lancaster Cupcake,,
Land and Sea Hair Company,,
LaPierre Cosmetics,,
LaPurre,,
LARITZY Cosmetics,,
Lash Be Long,,
Lash Star Beauty,,
LASHES IN A BOX,,
LATHER,,
Lauren Brooke Cosmetiques,,
Laurmé Skin Care,,
"Lavender & Lilac, LLC",,
Lavender Moon LLC,,
LAW Beauty Essentials,,
LDLU,,
Le Beauty,,
Leaf People Skin Care,,
LEAP Organics LLC,,
LEEF,,
Legendary Apothecary,,
Legends Creek Farm,,
LEKKO Aesthetics,,
Leland Francis,,
"Lemonhead.LA, LLC",,
Les Bois,,
Les Creme,,
Level Handmade,,
Level Naturals,,
Level Up Skincare,,
Lexli,,
LEYOS,,
leyouza,,
Lifance Natural Skin Care,,
Life Elements,,
Lifetherapy,,
Light Mountain,,
Lila Naturals,,
Lilly Be Organic,,
Lilly.B,,
LillyRose Botanicals,,
LilyOrganic,,
Lime and Lotus Organics,,
Lime Crime,,
LimeLife by Alcone,,
Lines of Elan,,
Lip Republic,,
Lipster Lip Balm,,
Lis Noir Skincare,,
Lisse,,
Little Farmyard,,
Little Moon Essentials,,
Little Tree Hugger Soap,,
Little Twig,,
Liv'Ez Co.,,
Live Clean,,
Live for Tomorrow,,
Live Tinted,,
Living Free,,
Living Libations,,
"LIZ CAROLINA SKIN CARE, LLC",,
Liz Earle,,
Loaded Goat Homestead,,
LOL Nail Lacquer,,
LOLI,,
Loopha,,
Lotus Garden Botanicals,,
Lotus Moon Skin Care,,
LOUM BEAUTY OF CALM,,
Love and Lotus Naturals,,
Love Botanics,,
Love Dirty,,
LOVE YOU FIRST,,
LoveU Organics,,
Lovewild Design,,
LOVINAH SKINCARE,,
Loving Culture,,
Loving Naturals,,
LUA skincare,,
Lubricity Labs,,
Lucia Botanica,,
Lucky Chick,,
LuckyAromas by LuckyVitamin,,
LuckyPlanet by LuckyVitamin,,
LuckyTru by LuckyVitamin,,
LUÉ by Jean Seo,,
Lueur Naturelle,,
lululemon,,
Luminance Skincare,,
Luna By Luna Cosmetics,,
Luna Nectar,,
Luna Oil Organics,,
Lunalis Cosmetics,,
LUS Brands,,
Luster Premium White,,
Luvanya,,
LuvBar Butter,,
LUXE Heavenly Bodies,,
Luxiny Skincare Products,,
Luzern,,
LYDA BEAUTY,,
M. Skin Care,,
M.S Skincare,,
Maconia,,
Mad Hippie,,
Madam Glam,,
Madame Gabriela,,
Madame Lemy,,
MADE OF,,
MadeMan,,
Madison Reed,,
Maelle,,
MAHA Skin Therapy,,
MAHALO Skin Care,,
Mahina Beaute,,
Maine Hempworks,,
Make & Mary™,,
Make Nice Company,,
Makeover Essentials,,
Maker and Merchant,,
Makes Scents Natural Spa Line,,
Makeup Artist's Choice,,
Mallie Boushaye Essentials,,
MamaSuds,,
Mámbino Organics,,
MAN INC,,
Man Mud,,
ManDay Grooming Inc.,,
Mane Club,,
ManiMe,,
Manos Soap Co.,,
Many Ethnicities,,
"MARA Beauty, LLC",,
Maria Marin Beauty,,
Marie's Original Formulas,,
Marin Bee Company,,
MARISPA,,
Marrakesh Hair Care,,
Marula Beauty,,
MARY ALLAN SKIN CARE,,
MaryRuth's,,
Masami,,
Masque Bar,,
Master Soap Makers,,
MATER SOAP LLC,,
Matter Company,,
Matter Facial,,
Matter Outdoors,,
MATTIAS,,
Max Green Alchemy,,
Maxandjane,,
Maxxam,,
Maya Chia,,
Mazi,,
MD GLAM,,
MDSolarSciences,,
Me & T's Handmade Body Products,,
Me & You Co.,,
Meant,,
MEAROSA*,,
Medicine Mama's Apothecary,,
MedZone,,
Melanie Mills Hollywood,,
Meliora Cleaning Products,,
Melt Cosmetics,,
Meow Meow Tweet,,
Meow Minerals,,
"Merci Naturel, LLC",,
Mètamour,,
Method,,
Method CBD,,
Mi-Me Handmade Bath & Body Products,,
Miami Beach Bum,,
Mika Pets,,
Mikel Kristi,,
MILANI,,
Miles of Moisture,,
Milk Makeup,,
Milli Miracle,,
Mineral Fusion,,
Mineral Options,,
Minifix Makeup,,
Minori,,
Mint n Coco,,
mintedLeaf,,
MintPear,,
MIP & TOAD,,
Miracle Oil,,
Miracles & More,,
MIRATE,,
Miss Spa,,
MIUS,,
Mixed Tones,,
MIYU,,
Mizz Bloom,,
MO MI Beauty,,
MOB Beauty,,
Mode de Vie,,
Modern Wash,,
MODEVIV Organic Beauty,,
Mogu,,
Moist Towel Services,,
Molly's Suds,,
Molton Brown,,
Momotaro Apotheca,,
MONA Brands,,
Monat,,
Monave,,
Monica Ann Beauty,,
mooi lab,,
Moon Luv,,
Moon Mother Hemp Company,,
Moon Valley Organics,,
Moon's Harvest,,
MoonLily Wellness,,
Moor Spa,,
Mooseberry Soap Company,,
Morning Blossom Studio,,
Moroccan Beauty Secrets,,
Moroccan Magic Clean Beauty,,
Morrocco Method Int'l,,
Morton Essentials,,
Moss Botanicals,,
MotherEarth Inc.,,
Motherlove Herbal Company,,
Mountain Girl Soap & Sundries,,
Mountain Sky,,
MOUTHFUL,,
MOXĒ,,
Moyaa Shea Products Ltd,,
Mr. Wigglebottom's,,
Mrs 82,,
Mrs. Meyer's Clean Day,,
MS GLAMOUR,,
MTS Medical,,
Mukama Botanica,,
Mulberry Skincare,,
MuLondon,,
Muse Apothecary,,
Mushroom Revival,,
muskaan - smile with heart,,
My Alchemy Skin Care,,
My Konjac Sponge,,
My Mommy Wisdom,,
MyChelle Dermaceuticals,,
Mysteeq,,
Mystic Winter Co,,
N Rage,,
NĀELI,,
nail & bone,,
Nail Tek,,
Nailtopia,,
NAIWBE Natural As I Wanna Be,,
naked + thriving,,
Naked Cosmetics,,
Naked Truth Beauty,,
NakedPoppy,,
Nalani Naturals,,
Namaste Home,,
Nanaka,,
Nandi Skincare,,
NAPA 1850,,
NapCap,,
NARI Skincare,,
NASSANI Inc.,,
NassifMD Dermaceuticals,,
NASTY 'Total Athletic Care',,
Nasty Woman Cosmetics,,
Native Essence Botanicals,,
Native Nutrition,,
NATPURE Skin Care,,
Natural Vegan Club,,
Natural Yukon Body Care Co.,,
Naturalbee Organic,,
NaturaLee Made,,
Naturally,,
Naturally London,,
Naturally Wild Artisan,,
Naturally You,,
NaturallyG4U (Good For You),,
Naturawl,,
Nature Goddess,,
Nature Island Importers,,
Nature Sustained,,
Nature's Alchemy,,
Nature's Beauty Mix,,
Nature's Brands,,
Nature's Inventory,,
Nature's Sugar,,
Nature's Willow,,
NATUREOFTHINGS,,
Nava Pets,,
Nealy Naturals,,
NEATGOODS,,
NeedCrystals,,
NeemAura Naturals,,
Nellie's,,
"Nemat International, Inc.",,
Nettie's Living Naturally,,
NeuEve,,
NEUMA,,
New Directions Aromatics,,
newuhealthandbody,,
NFUSE,,
Niawen Skincare,,
Nightshift Wax Company,,
NIOD,,
NipLips™,,
NIU BODY,,
NIUCOCO,,
No Bull Beauty,,
No No-See-Um,,
No Surgery,,
No Worries,,
No-Tweeze,,
Noble Panacea,,
NoHo Candle Co. Noho Candle Studio,,
Nokomis Naturals,,
Nomelis,,
Nordic Wellness,,
Northlore,,
NorthWood Candle,,
Nourish & Refine,,
Nourish Botanical Beauty,,
Nourish Organic,,
Nourishe Organics,,
Novoqueen Pro,,
NuCèlle,,
Nucifera Body LLC,,
nügg,,
"NULASTIN, Inc.",,
Nuria,,
Nutiva,,
Nutmeg & Apple Handmade LLC,,
NutraLuxe MD,,
NYR Organics,,
O My!®,,
O'o Hawaii,,
Oath Essentials,,
OCTOBER FIELDS,,
OFRA Cosmetics,,
Ogee,,
OH,,
Oh It's Natural!,,
Oh My Garden!,,
OH TIFF! Professional Lacquer,,
OHA Vital Organic Skincare,,
Ohana Organics,,
Ojima Nails,,
OKOKO Cosmétiques,,
Oleema Skincare,,
Olfactory NYC,,
Olive + M,,
Olive Ave Polish,,
OLIVE BRANCH,,
Olivida,,
Olomi,,
Olorun Skin,,
OM Botanical,,
OMAURA SKIN,,
OMhh Inc.,,
Omiana,,
One Farm Botanicals,,
One Love Body & Soul,,
One Ocean Beauty,,
One with Nature,,
OneSelf Organics,,
OneTab,,
Onurth Skincare,,
OOO Polish,,
Openly Human,,
Opie & Dixie,,
Orce Cosmetics,,
Oregon Soap Company,,
Orenda Skin Care,,
ORGAID,,
Organic Loven,,
Organique by Himalaya,,
Oribel Organics,,
Original Moxie,,
ORLY,,
OSEA,,
Osmosis Beauty,,
Osmotics Cosmeceuticals,,
Otto Skin Goods,,
Out of Africa,,
Overland Essentials,,
Owl in a Towel,,
Oxigenesis,,
OXYfen,,
OZNaturals,,
PACE,,
Pacha Soap Company,,
Pacific Aura Botanicals,,
Pacific Northwest Essences,,
Painted By Wendy Cosmetics,,
Paleobath,,
Palmetto Harmony,,
Pamada Cosmetics,,
Pandora's Products,,
Pangea Organics,,
Papa & Barkley,,
Papa & Barkley Releaf CBD,,
Papillon,,
Parachute Home,,
Paradise Springs,,
Paradox,,
Parissa,,
Passport Polish LLC,,
Passport to Organics,,
Patika Pets,,
Patrick Smith Botanicals,,
Paula's Choice,,
PAUSE,,
Paws Effect,,
Peace of Mind Naturals,,
Peace On Po,,
Pebble's Polish,,
Peet Brothers,,
"Penny9 Cosmetics, LLC",,
People of Color,,
Perennial Soaps,,
Perfect Image LLC,,
Personify Beauty,,
Petal and Plant,,
Petsmile,,
Pewilben,,
PH SIMPLY,,
Pharmaskincare,,
Phase Skin,,
PHLUR,,
Phyla,,
Pink Moon,,
Pink Root Products,,
Pintá,,
Pipette,,
Pistaché Skincare,,
Plain Jane Beauty,,
Plaine Products,,
Planet,,
Plant Therapy,,
Plant's Power Inc,,
PLANTED IN BEAUTY,,
Platinum Skin Care,,
Pleni Naturals,,
Plénitude,,
Pluff Mud Mercantile,,
Plush Organic Skin Care,,
PlusZone,,
Poéthique,,
Polished Woman,,
Polliwog Essentials,,
Pollynation Apothecary,,
POOFY ORGANICS,,
Pore People,,
Portland Bee Balm,,
Poshe,,
Potion Natural Skincare,,
Pour le Monde Parfums,,
Pour Moi,,
Powerizer,,
POYA,,
Pozz'd,,
Prai Beauty,,
Prairie Potions,,
Prāz Naturals,,
Prep U Products,,
Preserve,,
Pretty Woman NYC,,
Previse Skincare,,
Priime Oils,,
Pristine Beauty,,
Priti NYC,,
Private Stache,,
Pro Coat GROOMING by Pure and Natural Pet,,
Pro Vital,,
Proexist,,
Profile,,
Profile Cobalt,,
Project Beauty,,
Prolinc,,
Prophet Skincare,,
Providence Perfume Co.,,
Province Apothecary,,
Proze Performance Nutrition,,
Pulsaderm,,
Puna Noni Naturals,,
Punky Color,,
PUR Home,,
Pura Botanicals,,
Puracy,,
Pure & Gentle Soap,,
Pure + Simple,,
Pure Anada Cosmetics,,
Pure and Natural Pet,,
Pure Aura,,
Pure Chemistry,,
Pure in Heart,,
Pure Mana Hawaii,,
Pure Pitz™,,
Pure Placid,,
Pure Spectrum,,
Pure Ziva,,
Puretanica,,
Puristry,,
Purple Prairie Botanicals,,
PŪRTEETH,,
PUUR Ingrid,,
PYT,,
PYT Beauty,,
QMBeautique,,
Qosmedix,,
Queen Helene,,
Quench Micro Water Complex,,
R+Co,,
R+Co Bleu,,
Radiance Reign Cosmetics,,
RADIUS,,
RAINCRY,,
Rally Wellness,,
Ralphie and Alice,,
rareESSENCE,,
Rather Unique Skin,,
Raw Elements USA,,
RE Botanicals,,
Real Raw Beauty,,
Real Simple Clean,,
Realax,,
RealHer,,
Rebel Green,,
Rebirth Beauty,,
Red Apple Lipstick,,
Red Queen Cosmetics,,
Redolent Rogue,,
Refresh Skin Therapy LLC,,
Regenix,,
Relax & Release Skincare,,
ReLiv Organics Inc,,
retro beauty,,
"Return to Eden Cosmetics, LLC",,
REUZEL,,
Reverie,,
Reviive,,
Revive Naturals LLC,,
Rituel de Fille,,
River Organics,,
Riversol Skincare,,
Roccanskin,,
Rock Candy Beauty,,
ROEN BEAUTY,,
Rohtokasvi,,
Romer Skincare,,
Root Journey,,
Rosco Emmit Body & Home,,
Rosemira,,
Roses and Azalea,,
Rouse and Rebel,,
Rudy's,,
rue Santé,,
Rustic MAKA,,
Rute Elements,,
Sa Sante,,
Saavy Naturals,,
SADE BARON,,
Sage Hill Bath & Apothecary,,
Sagely Naturals,,
SAINT Cosmetics,,
Saison Beauty,,
Sally B's Skin Yummies,,
Salt & Stone Soap Company,,
SALT Live Energized,,
Salt Way Botanicals,,
salteasoak,,
Sammy Saves the Earth,,
Sandrine Riou Cosmetiques,,
Sangre de Fruta Botanical,,
Sanjeevita,,
SanRe Organic Skinfood,,
Santa Venetia Candleworks,,
Santa Venetia SoyWorks,,
Sany Skincare,,
Sapo All Natural,,
Sappo Hill,,
Satin Smooth,,
SAVE ME FROM,,
Save Water Soap,,
Savon Du Bois Body Boutique,,
Savor Beauty,,
Savvy Bohème,,
Sayar Care,,
Scentuals,,
Schaf Skin Care Inc,,
SCHMEAR Naturals,,
Schmidt's,,
Sea Calm Skin,,
Sea Kind,,
Seabuck Wonders,,
Seaside Medical Technologies,,
Seche,,
SEEN,,
Seis Cosmetics,,
Semina,,
Sevani,,
Seventh Generation,,
Shared Planet,,
Shayna's Kitchen,,
she plants love,,
Sheffield Pharmaceuticals,,
Shelton Beauty,,
Shemen Amour USA,,
SHIKAI,,
Shine Cosmetics,,
Shiva's Delight,,
si SKIN Organics,,
SilbaBodyAndSkinCare LLC,,
Silktáge,,
Simi SK Beauty,,
SIMKHA Beauty Product,,
Simply Bee Natural,,
Simply Wellness Beauty Products,,
SIRCUIT Cosmeceuticals,,
Sítrónu,,
Six Gldn,,
Skin Actives Scientific,,
Skin Ambition,,
Skin and Skull,,
SKIN by REGEN,,
Skin Champagne,,
Skin Essence Organics,,
Skin2Spirit,,
Skinbuzz,,
SKINDEW,,
Skingasm,,
Skinny & Co.,,
SkinRawBar,,
Skylar Body,,
skyn ICELAND,,
SMAK,,
Smax Wax,,
Smile Brilliant,,
Smith & Cult,,
SMNutrition,,
Smoky Mountain Soapworks,,
So Rad,,
Soap by ATHENA,,
Soap Cauldron,,
Soaphisticated,,
Soaptopia Worldwide LLC,,
Soapwalla,,
Soapy Soap Company,,
Soapy Tails,,
SoapyLayne,,
Social Paint LLC,,
SofiesSecret,,
SoGa Artisan Soaperie,,
Soganics®,,
Soigné,,
Sola Look,,
"Solara Suncare, Inc.",,
SolarDerm,,
Solluna by Kimberly Snyder,,
Solluni,,
Solscents,,
Some Essentials,,
Somethin' Special,,
SON,,
Sonoma Soap Company,,
Soon Skincare,,
Soul Purpose,,
SoulSpring,,
Sound Earth,,
South of France,,
SOUTH SEAS SKIN CARE LLC,,
Spa Organica,,
Spa Sense,,
Space Skincare,,
Sparitual,,
Spela Cosmetics,,
Sphynx,,
Spica Organics,,
Spinster Sisters Co.,,
Splash of Scent,,
Sports Research / SR Natural,,
Sprouts Farmers Market,,
Spruce,,
SQUEAK,,
ST. TROPICA,,
STACEY GRIFFITH TM SKINCARE,,
Starface World Incorporated,,
STARR Beauty products,,
State of Sun,,
Steve Laurant,,
Stifan,,
Still Meadow Farm Soaps and Sundries,,
Strands Hair Care,,
Strange Bird,,
Stratia,,
Style House Cosmetics,,
Substance,,
Sugar Me Bare,,
Sugarberry Soap,,
Sugarpill,,
suki LLC,,
SULA NYC,,
Sulina Shop,,
Summer Friday's Beauty,,
Summer Lotion,,
Sunday Riley,,
Sunflower Meadows Herb Farm,,
SunGold Botanicals,,
Sunny & Honey,,
Suntegrity Skincare,,
SUPA Naturals,,
Super Nail,,
Supergoop!,,
Supernal,,
Supersmile,,
Surface Deep,,
Surgi-Care,,
Surya Brasil,,
Susan's Soaps & More,,
Suzi's Lavender,,
Svens Skincare,,
Swabbies,,
SweatZone,,
Sweave,,
Swedish Dream,,
Sweet Chef,,
Sweet Earth,,
Sweet Life Treat,,
Sweet Mary Jane,,
Sweet Minerals,,
Sweetbottoms Naturals,,
Swipes Lovin' Wipes,,
Swisspers,,
Symbiome,,
Taïla,,
Tamara's Sugar,,
Tami B. Custom Makeup,,
Tamika's,,
Tandem,,
Tangie,,
TATTOO BOOSTER,,
Taui LLC,,
Taylor Made Polish,,
Teadora Heirloom Brazilian Botanicals,,
Teami Blends,,
Teds Coco,,
TEENOLOGY,,
Temiz,,
Terra Beauty Bars,,
TESCosmetics,,
The 7 Virtues,,
The Alchemist's Wife,,
The Bare Home,,
The Bath Bomb Outlet,,
The Beauty Bar FX,,
The Better Farm Co.,,
The Body Shop,,
The Chemistry Brand,,
The Chloelina All Natural Soap Co.,,
The Detox Market,,
The Dirty Goat,,
The Farm Babe,,
The Farm Life,,
The Flex Company,,
The Fruit Bon Bon,,
The GelBottle,,
The Golden Elixir,,
The Good Home Co.,,
The Grandpa Soap Company,,
The Grecian Soap Company,,
The Handsome Bee Company,,
The Herb Nurse,,
The Herbs and Bees,,
The Holistic Health Co. LLC,,
The Honey Pot Company,,
The Humble Gents,,
The Jojoba Company,,
The Konjac Sponge Company,,
The Laughing Mermaid Soap Co,,
The Laughing Tree Organics,,
The Mad Optimist,,
The Makeup Lab,,
the Narwhal and the Manatee,,
The Ordinary,,
The Ordinary,,
The Peaceful Paw,,
The Saroya Collection,,
The Scrub Bar,,
The Seaweed Bath Co.,,
The Shameless Skin Co.,,
The Spruce,,
The Still Beauty,,
"The Ubeauty.com, LLC",,
The Unscented Company,,
The Victorian Garden Organic Skincare Company,,
The Wellness Apothecary,,
The Workshop Soapery,,
Theo Sterling,,
Theoderma Skin Care,,
Thinkbaby & Thinksport,,
Thirteen Thieves,,
Three Flowers,,
Three Sisters Apothecary,,
Thrive Causemetics,,
Tibolli,,
Ticks-N-All,,
TICO*,,
Tiferet Aromatherapy,,
TiliaLime,,
Tilted Halo,,
Timeless Organics Skin Care,,
Tin Feather Cosmetics,,
Tiny Hair Workshop,,
TITAN,,
TLC Valley Essentials,,
TO112,,
TOK Beauty,,
ToN Cosmetics,,
Touch Body Works,,
Trax,,
Tre'Yours,,
TreCeuticals,,
Tropic Skincare,,
TropicSport,,
Tru Organics,,
True + Luscious,,
True Botanicals,,
True Calm,,
True Grit Grooming Products for Men,,
Trufora,,
Truly Beauty,,
TruSelf Organics,,
TruSkin Naturals,,
Tsi-La Organics,,
Tubby Todd,,
Tuore,,
TvN Beauty,,
Tweak'd By Nature,,
Twice,,
Two Peas Organics,,
TWO2GUYS,,
Tychea Skin Care,,
ULAT Dryer Balls,,
Ulei de Lux,,
Un-Petroleum,,
UNITED & FREE,,
"Unsun Cosmetics, Inc.",,
UnTamed Natural Care,,
unWashed,,
Upfront Cosmetics,,
UPLEAFS,,
Urban Botanicals,,
Urban Skin Rx,,
URGO Beauty,,
Ursa Major,,
"US Nonwovens, Inc",,
US Organic,,
V R T U,,
V.I.P. Soap Products,,
Vapour Organic Beauty,,
Varisi,,
VEGAMOUR,,
Veil Cosmetics,,
Velvet & Sweet Pea's Purrfumery,,
Velvet Report,,
VENeffect,,
VERED organic botanicals,,
Veriphy Skincare,,
Vernon Francois,,
Versed,,
Veyali,,
Vibrance™ by My V-Line Health,,
Village Common,,
Vintner's Daughter,,
Viola Rouge,,
Violet Botanical Skincare LLC,,
Violet Family,,
"Violet Kids, LLC",,
Violets Are Blue,,
Virtue Labs,,
Visha Skincare,,
ViTA,,
Viva Green,,
VIVAIODAYS,,
Vivoderm Natural Skincare,,
Voir Haircare,,
Voodoo Makeup,,
VREA Cosmetics,,
W/O,,
W3LL PEOPLE,,
Walkers Natural Body Care,,
Wander Beauty,,
Warm Earth Cosmetics,,
Wash with Water,,
Water Works,,
Waterfall Glen Soap Company,,
Way Out Wax,,
WC Tonics,,
We Love Eyes,,
Wellnesse,,
WEN by Chaz Dean,,
Whish Beauty Products,,
Whiskey and Woof,,
WILD GRACE,,
Wilder Skin Co.,,
Wildland Organics,,
Wildling,,
William Roam,,
Willing Beauty,,
Willowdale Botanicals,,
Wine Country Botanicals,,
Winged CBD,,
Winning Nails,,
WLDKAT,,
Woken Vegan,,
Wonderblush,,
Wood Aromatics,,
Woodlot,,
Woody's,,
Wreck n Roll,,
Wren Natural,,
WUNDER2,,
WUNDERBROW,,
WUNDERLIFT,,
Wynd & Rose,,
X Artistry,,
X's & O's Bath and Body,,
XFX AQUA,,
XFX HYBRID,,
XFX PIGMENT,,
XO FACEcare,,
Yakshi Fragrances,,
Yalmeh Naturals,,
Yantra Beauty,,
YASOU natural skin care,,
Yaya Maria's,,
Yellow Beauty,,
yes honey,,
Yes To Inc.,,
YOI,,
Yummy Life Naturals,,
YUNI Beauty,,
Z Glow Skincare,,
Zatik Natural,,
Zatoru Essential Inc.,,
Zedelia Inc.,,
ZeigSkin,,
ZenKinetix,,
ZENMED,,
Zero taboos,,
Zero%,,
zion health inc,,
ZolaTerra,,
ZOMATONICS,,
Zone Naturals,,
Zosimos Botanicals,,
Zuzu Luxe,,
Zyderma HS,,