10K Ways,Apparel,https://www.10kways.us/
16J Organics,Bodycare,https://www.16jorganics.com/
25th and June,Nailcare,https://www.25thandjune.com/
27th Street Bakery,Bakery/Desserts,https://27thstreetbakery.com/
5 Twelve (V-XII),Accessories,shop5twelve.com
A Luxe Design,Health & Wellness,http://www.aluxedesign.com/
A Taste of Cakery,Bakery/Desserts,https://www.facebook.com/aTasteofCakery/
Aakasha’s Naturals,Health & Wellness,http://aakashasnaturals.com/
Aaks,Accessories,https://www.aaksonline.com/
Aarica Nichole,Apparel,https://www.etsy.com/shop/AaricaNichole
Aba Love Apothecary,Skin Care,https://www.abaloveapothecary.com/
Abstract Fiber,Textiles,http://www.abstractfiber.com/
Abundance Bakery,Bakery/Desserts,https://www.facebook.com/abuncobakery/
AcARRE,Beauty/Skin Care,https://www.acarre.co/
Accented Glory,Accessories,https://www.accentedglory.com/
ACONAV,"Fashion, Jewelry, Accessories",http://www.aconav.com/
Adjourn TeaHouse,Coffee & Tea,https://www.adjournteahouse.com/shopadjourntea
Adorned By Chi,Apparel,https://shop.adornedbychi.com/
Adwoa,Beauty,https://adwoabeauty.com/
Aesthetic By Sarah,Health & Wellness,http://www.aesthetixbysarah.com/
Affandjam,Apparel,https://www.affandjam.com/
African American College Alliance,Apparel,https://www.aacaclothing.com/search?q=Miskeen&type=product
Afro Product,Skincare,https://www.afroproduct.com/
Ah Shí,"Beauty, Skincare, Health",https://www.ahshibeauty.com/
Ahlazua,"Fashion, Jewelry, Accessories",http://www.indigenouswomanmade.com/
Air In Candles,Candleshop,https://www.arynterry.com/airin-candles/
AJ Crimson Beauty,Cosmetics,https://ajcrimson.com/
Akashi Kama,Apparel,https://www.akashi-kama.com/
Alaffia,Bodycare,https://www.alaffia.com/
Alchemy Body Shop,Bodycare,https://www.alchemybodyshop.com/
Alexandra Winbush,Candleshop,https://www.alexandrawinbush.com/
Aliya Wanek,Apparel,https://aliyawanek.com/
Almu,Apparel,https://www.almu.store/
Aminah Abdul Jillil,Footwear,aminahabduljillil.com
Ancient Cosmetics,Cosmetics,https://ancientcosmeticz.com/
Andra Hall Living,Bakery/Desserts,https://andrahallliving.com/
Andrea Iyamah,Swimwear,https://www.andreaiyamah.com/collections/swimwear
Angel’s Essence,Beauty,http://www.angelsessence.shop/
Angela DeMontigny,"Fashion, Jewelry, Accessories",http://www.angelademontigny.com/
Anita Grant,Health & Beauty,https://anitagrant.com/
Antik Lakay,Candleshop,https://www.antiklakay.com/shop
Apprenti Organik,Bodycare,https://apprentiorganik.com/collections/all-products
"Aquarius Herbs & Teas, LLC.",Health & Wellness,https://www.etsy.com/shop/AquariusHerbsandTeas
Arbria Creations,Beauty,http://arbriacreations.com/
Arctic Canada Trading Company,"Decor, Art",http://www.arcticcanadatrading.com/
ArXotica,"Beauty, Skincare, Health",https://squareup.com/market/arxotica-inc/
Asa White Designs Coloring Books,Literature,http://www.asawhitedesigns.com/
Ashanti Swimwear,Swimwear,https://www.ashantiswimwear.com/
Ashera Swimwear,Apparel,https://asherahswimwear.com/
Asherah Swimwear,Swimwear,https://asherahswimwear.com/
Asili + Co,Beauty,https://www.etsy.com/shop/AsiliCo
Asymble,Services,http://asymblepa.com/
Aziza Handcrafted,Apparel,https://azizahandcrafted.com/
B Fyne,Swimwear,https://bfyne.com/collections/swimwear
Baby Fist Collective,Apparel,https://babyfistcollective.com/
Bariki Body Care,Beauty,https://barikibodycare.com/
Basbaas,Food & Beverage,https://basbaassauce.com/
Base Butter,Skin Care,https://www.basebutter.com/
Base Butter,Skincare,https://www.basebutter.com/collections/all
Basic Butta,Bath & Beauty,https://basicbutta.square.site/
Basket Treats By Alexis Streets,Bakery/Desserts,http://baskettreatsbyalexisstreets.com/index.html
Bassy Collection,Clothing,http://bassycollection.com/
Bath Savvy,Bath & Beauty,https://www.bathsavvy.com/
Be Transcendent Skin,Skincare,https://betranscendentskin.com/collections
Beads Byaree,Accessories,https://beadsbyaree.com/
Beauty Bakerie Makeup,Cosmetics,https://www.beautybakerie.com/
Beauty by Dr. Kari,Haircare,https://www.beautybydrkari.com/
Bedré Chocolate,"Food, Beverage",http://www.bedrechocolates.com/
Beija Flor Naturals,Bath & Beauty,https://www.beijaflornaturals.com/
Bekura,Bodycare,https://www.bekurabeauty.com/
Bellurelle,Bodycare,https://bellurelle.com/
Beneath Your Mask,Skin Care,https://beneathyourmask.com/
Beneath Your Mask,Skincare,https://beneathyourmask.com/
Bert Haux,Apparel,https://shopberthaux.com/
Bessie and Lovie,Beauty,http://www.bessieandlovie.com/
Bethany E. Photography,Services,http://www.bethanyephotography.com/
Bey Moss,Health & Wellness,https://beymoss.com/
Big Man Bakes,Bakery/Desserts,http://bigmanbakes.com/story.htm
Big Red’s Hot Sauce,Food & Beverage,https://bigredshotsauce.com/
Birchbark Books,Media,http://birchbarkbooks.com/
Bison Star Naturals,"Beauty, Skincare, Health",https://bisonstarnaturals.com/
Black Art Tees,Clothing,https://www.etsy.com/shop/BlackArtTees
Black Beat,Apparel,https://www.facebook.com/BLACKBEAT-300919490320611/about/?ref=page_internal
Black Girl Sunscreen,Skin Care,https://www.blackgirlsunscreen.com/product/black-girl-sunscreen-spf-30/
BlackLux,Clothing,http://blackluxonline.com/
Blended Girl Cosmetics,"Beauty, Skincare, Health",https://blendedgirl.com/
Blending Souls Bath & Body Co.,Skincare,https://blendingsoulsbathbody.com/
Blessed Designs,Apparel,http://blesseddesignsco.com/
BLK & Bold,Food & Beverage,https://blkandbold.com/
BLK + GRN,Health & Wellness,https://blkgrn.com/
BLK MKT Vintage,Vintage,https://www.blkmktvintage.com/
Blue Zaria,Services,http://www.bluezaria.com/
Body And Soul Naturally,Health & Wellness,https://www.bodyandsoulnaturally.com/
Boldbeat Textiles,Decor/Furniture,https://www.boldbeat-textiles.com/
Bolé Road Textiles,Textiles,https://boleroadtextiles.com/
Bomb'd Aesthetics,Bath & Beauty,https://www.lovebombd.com/
Booked By Iran,Services,http://www.bookedbyiman.com/
Botanicals Beauty,Beauty,https://www.botanicalsbeauty.com/
Boujee Bohemian Boutique & Candles,Health & Wellness,http://boujeebohemian.bigcartel.com/
Brandy Loves Beauty,Beauty,http://www.brandylovesbeauty.online/
Breed Love Beauty Co. ,Bath & Beauty,https://breedlovebeautyco.com/
Brie Alexis Beauty,Bath & Beauty,https://www.shopbriealexisbeauty.com/
Briogeo,Haircare,https://briogeohair.com/
Brother Vellie's,Apparel,https://brothervellies.com/
Brown Sugar Bakery,Bakery/Desserts,https://www.brownsugarbakerychicago.com/
Browndages,Bandages,https://browndages.com/
Bum Cake,Lingerie/Intimates,https://www.bum-cake.com/
ButHerFly,Beauty,http://www.butherfly.com/
Buttah Skincare,Skin Care,https://www.buttahskin.com/
Butter Creamery,Bakery/Desserts,https://buttercreamery.com/who-we-are
Buttermilk Boutique,Bakery/Desserts,https://www.buttermilkboutique.com/
Buttermilk Drop,Bakery/Desserts,http://www.buttermilkdrop.com/
Buy From BIPOC,Multi,https://buyfrombipoc.com/about/
"By Justine, LLC",Hair,https://www.by-justine.com/
By Liana Rae,Art,https://bylianarae.com/
By Ms James,Home Goods,https://www.bymsjames.com/
ByChari,Jewelry,https://bychari.com/
Cajose Natural,Beauty,http://cajosenatural.com/
Cake Bar Dallas,Bakery/Desserts,https://www.cakebardallas.com/cakes/
Cake Love,Bakery/Desserts,http://cakelove.com/
Cake Mama's Dessert Bar,Bakery/Desserts,https://www.facebook.com/Cakemamasdessertbar/
Cakery Square,Bakery/Desserts,https://www.cakerysquare.com/
Cakes By Denise's,Bakery/Desserts,http://cakesbydenises.com/denises/
Cakes by Lameeka,Bakery/Desserts,http://www.cakesbylameeka.com/
Cakes Like Velvet,Bakery/Desserts,https://cakeslikevelvet.com/
Calabash Tea & Tonic,Food,http://www.calabashtea.com/
Cali Hndsme,Skincare for Men,https://calihndsme.com/
Callaloo,Food & Beverage,https://callaloobox.com/
Cami Cakes,Bakery/Desserts,https://www.camicakes.com/
Camille Rose,Haircare,https://www.camillerose.com/
Candid Art Accessories,Apparel,https://www.candidartaccessories.com/
Candid Art Accessories,Apparel,https://www.etsy.com/shop/CanDidArtAccessories?ref=search_shop_redirect
Candles By Bri,Decor/Furniture,http://www.candlesbybri.com/
Capital City Co.,Food & Beverage,https://www.shopcapitalcity.com/
Carmabella Skincare,Beauty,http://www.carmabellaskincare.com/
Cetanska,"Fashion, Jewelry, Accessories",https://www.cetanska.com/
Chakra Zulu,Spiritual/Homegoods,https://chakrazulucrystals.com/
Charleston Gourmet Burger Co.,Food & Beverage,https://charlestongourmetburger.com/
Charlotte's Cosmetics,Cosmetics,https://www.charlottescosmetics.com/
Chase The Waist,Clothing,https://teespring.com/stores/chase-the-waist-2?aid=ts-boosted-rt
Chateau Hi,Services,http://www.chateauhi.com/
"Che’ Beautiful, LLC",Beauty,http://chebeautiful.com/
Cheekbone Beauty,"Beauty, Skincare, Health",https://cheekbonebeauty.ca/
Cherokee Nation Gift Shop,"Decor, Art",http://www.cherokeegiftshop.com/
Cherokee Woman,"Decor, Art",http://www.cherokee-woman.com/
Cherry Blossom Intimates,Intimates/Hosiery,cherryblossomintimates.com
Chickasaw Press,Media,https://chickasawpress.com/
Chipmunk Chronicles,Apparel,https://chipmunkchronicles.bigcartel.com/
Chippewar,"Fashion, Jewelry, Accessories",https://chippewar.com/
Chocolate Kinks & Kurls,Hair,https://chocolatekinksandkurls.com/
Christie Ann Cruise,Services,http://www.christieanncruise.com/
Christopher’s Dog Treats,Pet,http://theedoggytreat.com/
Cindsational Creation,Beauty,http://www.cindsationalcreation.com/
Clan Mother,"Fashion, Jewelry, Accessories",https://www.clan-mother.com/
Cocoacentric,Apparel,https://www.cocoacentric.com/
Cold Laundry,Apparel,https://www.coldlaundrystores.com/
Collective Closets,Apparel,https://collectiveclosets.com.au
Coloring Pins,Accessories,https://www.coloringpins.com/
Combine de Filles,Apparel,https://www.combinedefilles.com/
Complected Skin Co. ,Skincare,wix.to/5MASCOA
ConditionHer,Health & Wellness,http://conditionher.com/
Conjuria,Spiritual/Homegoods,https://www.etsy.com/shop/Conjuria?source=aw&utm_source=affiliate_window&utm_medium=affiliate&utm_campaign=us_location_buyer&utm_term=3657&utm_content=304459&awc=6220_1592865506_371431254120d06265d051100f7aa9cc
Corage LLC,Toys,http://www.coragedolls.com/
Cosmic Cookie Bakery,Bakery/Desserts,https://cosmiccookiebakery.com/
Creations for Coninuity,"Fashion, Jewelry, Accessories",http://creationsforcontinuity.com/
Creativa IP Law LLC,Services,https://creativaiplaw.com/
Creative Confections By Nette,Bakery/Desserts,https://www.facebook.com/creativeconfectionsbynette/
Creative Life By Ana,Health & Wellness,http://creativelifebyana.com/
Creator,Health & Wellness,http://www.shopcreatoronline.com/
Creole Rouge,Beauty,http://www.creolerougebeauty.com/
Creole Secret Therapeutic Aromatherapy,Health & Wellness,http://www.creolesecretaromatherapy.com/
Crown Candle Co.,Decor,https://www.crowncandleco.com/
Cup of Te,Tea & Coffee,https://cupofte.com/
Cupcake Junkie,Bakery/Desserts,http://cupcakejunkiebr.com/
Cupcake Kitchen Houston,Bakery/Desserts,https://cupcakekitchenhouston.com/
Cupcakes By Dsignz,Bakery/Desserts,https://www.cupcakesbydsignz.com/
Curlbox,Haircare,https://curlbox.com/
CurlMix,Haircare,curlmix.com
Curtis and Cake,Bakery/Desserts,https://www.curtisandcake.com/
CurveEssentials Boutique,Clothing,http://www.curvessentials.com/
Cushnie,Accessories,cushnie.com
Cushnie,Apparel,https://cushnie.com/
Cute & Curly,Beauty,http://www.cuteandcurlyproducts.com/
D Bleu Dazzled,Hosiery,https://www.dbleudazzled.com/
D'Iyanu,Swimwear,https://www.diyanu.com/collections/mens-swimwear
Danessa Myricks,Cosmetics,https://www.danessamyricksbeauty.com/
Dehiya,Skincare,https://dehiyabeauty.com/
DevelopMe4Me Elite Performance Consulting Company,Services,http://developme4me.com/
Diamond Bird LLC,Beauty,http://www.diamondbirdllc.com/
Dope Coffee,Food & Beverage,https://www.realdope.coffee/
Dorcas Creates,Art,https://dorcascreates.com/
Dorothy Grant,"Fashion, Jewelry, Accessories",http://www.dorothygrant.com/
Draped,Clothing,http://www.shopdraped.com/
Dressed to Kale,Food & Beverage,https://www.dressedtukale.com/
Dynasty George,Apparel,https://www.dynastygeorge.com/
Eboni's Sweet Creations,Bakery/Desserts,https://www.facebook.com/ebonissweetcreations/
Edas,Accessories,https://edas.store/
Eden Bodyworks,Haircare,https://linkin.bio/edenbodyworks
Educated Lotus,Health & Wellness,http://www.educatedlotus.com/
Edwards’ Wellness & Skin Care Facility,Health & Wellness,http://www.edwardswellness.com/
Ekua Ceramics,Home Goods,https://www.ekuaceramics.com/shop
Elan Byrd,Apparel,https://www.elanbyrd.com/
Elements of Aliel,Beauty,http://www.elementsofaliel.com/
Elia Vintage,Vintage,https://www.eliavintage.com/
Ellidai,Clothing,http://www.ellidai.com/
Elohvi,Health & Wellness,http://www.elohvi.com/
Emily's Heirloom Poundcakes,Bakery/Desserts,https://www.emilysheirloompoundcakes.com/
Empress Incarnated,Health & Wellness,http://www.empressincarnated.com/
Emrld Clothing,Apparel,https://emrldclothing.com/
Epara Skincare,Skin Care,https://www.eparaskincare.com/
Ephrance Vintage,Vintage,https://www.depop.com/ephrancevintage/
Epi.Logic,Skin Care,https://www.brooklynfaceandeye.com/epilogic-skincare
"Equanimity NYC, LLC",Health & Wellness,https://www.equanimitynyc.com/
Esawa Gifts and Gallery,"Decor, Art",http://www.esawagiftgallery.com/
Estelle Colored Glass,Home Goods,https://www.estellecoloredglass.com/
Eternally in Amber,Haircare,https://www.eternallyinambershop.com/
Etkie,"Fashion, Jewelry, Accessories",https://etkie.com/
Eume Rose,Bodycare,https://www.eumerose.com/
Euphorically Black,Accessories,http://www.euphoricallyblack.com/
Everlasting Love Fulfillment,Services,http://www.have-everlastinglove.com/
Everything Made for You,Bath & Beauty,https://everythingmadeforyou.com/
Everything That Glitterz,Accessories,http://everythingthatglitterz.biz/
EvyDani Books,Services,http://www.evydanibooks.com/
Excellence Don’t End Now,Clothing,https://excellenceedenmerch.com/
Experience Escape Travel,Services,http://marshacorbett.inteletravel.com/
Exquisite Kreations,Bakery/Desserts,http://www.exquisitekreations.com/
Fe Noel,Apparel,https://fenoel.com/collections/daughter-of-the-soil
Fenty Beauty,Cosmetics,https://www.fentybeauty.com/
First American Art Magazine,Media,http://firstamericanartmagazine.com/
Fiscalpink,Services,http://www.fiscalpink.com/
Flaunt Body,Bodycare,https://flauntbody.com/
Flowers & Moondust,Health & Wellness,https://www.flowersandmoondust.com/
Fly Body Fitness,Apparel,https://www.flybodyfitness.net/
Food Heaven,Health & Wellness,https://foodheavenmadeeasy.com/
Foot Nanny,Footwear,footnanny.com
Form Beauty,Beauty,https://formbeauty.com/
Foxie Cosmetics,Cosmetics,https://foxiecosmetics.com/
Free Expressions815,Clothing,http://www.free-expressions.store/
Freedom Apothecary,Health & Wellness,https://www.freedomapothecary.com/
Frolic and Sage,Candleshop,https://post21shop.com/pages/seller-profile/frolic__sage
FUBU,Apparel,fubu.com
Fyre Vintage,Vintage,https://www.fyrevintage.com/
Gabnic Designs,Spiritual/Homegoods,https://www.etsy.com/shop/GabnicDesigns?source=aw&utm_source=affiliate_window&utm_medium=affiliate&utm_campaign=us_location_buyer&utm_term=3657&utm_content=304459&awc=6220_1592865653_081f08b6650a050a3706e7cfdd567a22
Galerie.LA,Apparel,https://galerie.la/
Garden Secrets Beauty,Beauty,http://www.etsy.com/shop/gardensecretsbeauty
Gardenia's Custom Cakes,Bakery/Desserts,https://www.gardeniascustomcakes.com/
Get the Butters Co.,Bath & Beauty,https://getthebutters.com/
Gilded,Candleshop,https://gildedbody.com/
Ginew,"Fashion, Jewelry, Accessories",https://ginewusa.com/
GivingMeVibez,Health & Wellness,http://www.givingmevibez.com/
Glasswing Organics,Beauty,https://www.glasswingorganics.com/
GLH Beauty LLC,Beauty,http://www.glhbeauty.com/
Glimmer U,Skincare,https://www.glimmeru.com/
Glow Candle Bar,Candleshop,https://glowcandlebar.net/
Golde,Skin Care,https://golde.co/
Golden Flourish,Services,http://www.goldenflourish.co/
Gothic Lamb,Apparel,https://gothiclamb.com/password
Gourd Jewels,"Fashion, Jewelry, Accessories",http://www.gourdjewels.com/
Grace & Styles Boutique,Accessories,http://www.gracestylesboutique.com/
Great Oak Press,Media,http://greatoakpress.com/
Green Family Jewels LLC,Clothing,https://greenfamilyjewels.com/
Greene Moments Studio,Health & Wellness,https://greenemoments.com/
Grey Remedy Shop,Home Goods,https://www.greyremedy.com/shop
Growth Edge Clothing,Clothing,https://linktr.ee/growth_edge
Guidance Whiskey,Food & Beverage,https://www.guidancewhiskey.com/
Guilt Free Pastries,Bakery/Desserts,https://www.guiltfreepastries.com/
Haipažaža Pȟežuta,"Beauty, Skincare, Health",https://www.haipazazaphezuta.com/shop
Hair Are Us,Haircare,https://www.hairareus.com/
Hair Hatty,Haircare,https://hairhatty.com/
Hanahana Beauty,Skin Care,https://www.hanahanabeauty.com/
Hand of Solomon,"Fashion, Jewelry, Accessories",http://www.handofsolomon.ca/
Handmade by Kae,Bodycare,https://www.handmadebykae.com/
Hanifa,Apparel,hanifa.co
Happy Kat Candles & Gifts,Decor/Furniture,http://happykatcandles.com/
Harlem Candle Co. ,Candleshop,https://www.harlemcandlecompany.com/
Harper & Me INC,Clothing,http://www.harperme.com/
Headdress By Sheri,Accessories,https://headdressbysheri.com/
Heal Haus,Health & Wellness,https://healhaus.myshopify.com/
Healthy On You,Food,https://www.healthyonyou.com/
Heard Museum Shop,"Decor, Art",http://www.heardmuseumshop.com/
Hello Mama Box,Beauty,http://hellomamabox.com/
Hello Wildflowerrr,Spiritual/Homegoods,https://www.etsy.com/shop/HelloWildflowerrr?source=aw&utm_source=affiliate_window&utm_medium=affiliate&utm_campaign=us_location_buyer&utm_term=3657&utm_content=304459&awc=6220_1592865620_092570a60f0d5d0e5aeb6ff674f3b00e
Hellwig By Tikia,Clothing,http://hellwigbytikia.com/
Herbal Gods,Health & Wellness,https://herbalgods.com/
Herbal Lodge,"Beauty, Skincare, Health",http://www.herballodge.com/
Heritage Apothecary,Spiritual/Homegoods,https://www.etsy.com/shop/HeritageApothecary?source=aw&utm_source=affiliate_window&utm_medium=affiliate&utm_campaign=us_location_buyer&utm_term=3657&utm_content=304459&awc=6220_1592865359_36f470b5ea0268486058f874ed424462
Honey Butter Bakery,Bakery/Desserts,https://www.honeybutterbakery.com/
Honey Cutt Vintage,Vintage,https://www.etsy.com/shop/honeycuttvintage/
Honey Dipped Co.,Skincare,https://www.iamhoneydipped.com/
Honey Mami,Skincare,https://honeymami.bigcartel.com/
Hope For Flowers,Apparel,hopeforflowers.com
Horizon Real Estate Solutions,Services,http://www.horizonresolutions.com/
House of Aama,Apparel,https://houseofaama.com/
Hummingbyrd Naturals,Beauty,http://hummingbyrdnaturals.com/
Hyper,Skincare,https://gethyperskin.com/
I Am Anishinaabe,"Fashion, Jewelry, Accessories",https://www.iamanishinaabe.com/
Iced Gems Baking,Bakery/Desserts,http://www.icedgemsbaking.com/
Ifa Can Elements,Spiritual/Homegoods,https://www.etsy.com/shop/Ifacanelements?source=aw&utm_source=affiliate_window&utm_medium=affiliate&utm_campaign=us_location_buyer&utm_term=3657&utm_content=304459&awc=6220_1592865603_b1f1377e9760f0c4e3fa1fe3f2f308c5
Ignite Your Peace,Decor/Furniture,http://igniteyourpeace.com/
Indi City,"Fashion, Jewelry, Accessories",https://www.indicity.ca/
Indigenous Cosmetics,"Beauty, Skincare, Health",https://www.indigecos.com/
Indigo Arrows,"Decor, Art",https://indigoarrows.ca/
Intertribal Beauty Cosmetics,"Beauty, Skincare, Health",https://intertribalbeauty.com/
Into The Light LLC,Health & Wellness,http://intothelightwithkaren.com/
Irro Irro,Apparel,https://irroirro.com/
Isidora Akemi LLC,Beauty,http://isidoraakemi.com/
IT Urban Boutique,Accessories,https://www.iturbanboutique.com/
Its All Good Bakery,Bakery/Desserts,http://www.itsallgoodbakery.com/home.php
Ivory B.,Accessories,https://www.ivoryb.com/
Ivy’s Tea Co.,Food,http://www.ivystea.com/
Iwi Fresh,Bath & Body,https://www.iwifresh.com/
Iya Foods,Food & Beverage,https://www.iyafoods.com/
Jade Swim,Apparel,https://jadeswim.com/
Jamille Textiles,Clothing,http://adiajamille.com/jamilletextiles
JCHIC Style Studio,Clothing,http://www.jchiclife.style/
Jen Zeano Designs,Apparel,https://jenzeanodesigns.com/
Jentl,Skincare,jentl.com
Jive Juice,Food & Beverage,https://jivejuicecompany.com/
Jo's Cupcake Creations,Bakery/Desserts,https://www.facebook.com/Joscupcakecreations/
Jobbing With Jas,Clothing,http://www.jobbingwithjas.com/
Joe and Monroe,Candleshop,https://joeandmonroe.com/
Jones Bar-B-Q,Food & Beverage,https://www.jonesbbqkc.com/
Judith's Dessert Boutique,Bakery/Desserts,http://www.judithsdessertboutique.com/
Just Kweenin,Spiritual/Homegoods,https://www.etsy.com/shop/JustKweenin?source=aw&utm_source=affiliate_window&utm_medium=affiliate&utm_campaign=us_location_buyer&utm_term=3657&utm_content=304459&awc=6220_1592865493_b48b0f11bd6eef7c29c7edebc0821a8e
Just Like Me! Book Box,Literature,http://justlikemebox.com/
Justice of the Pies,Bakery/Desserts,https://www.justiceofthepies.com/
K The Other Way,Decor/Furniture,http://www.ktheotherway.com/
Kaeess Nail Polish,Beauty,http://www.kaeessnailpolish.com/
Kahmune,Footwear,kahmune.com
Kara Hinson,Art,https://www.karahinson.com/
KarynMichelle - Creative Expressions,Accessories,http://www.karynmichelle.com/
Kashmir VIII,Accessories,http://kashmirviii.bigcartel.com/
Katpif,Apparel,https://www.katpif.com/
Kay's Dollhouse,Apparel,https://www.kaysdollhouse.com/
Keke Reaux,Accessories,https://www.etsy.com/shop/KekeReaux
Kelly U. Fine Art Collection,Decor/Furniture,http://www.kellyufineart.com/
Kicks n Buckets,Clothing,https://kicksnbuckets.com/
Kitá Wines,"Food, Beverage",https://kitawines.com/
Klur,Health & Beauty,https://klur.co/collections/shop
KNC Beauty,Skin Care,kncbeauty.com
KNC Beauty,Beauty,https://kncbeauty.com/
KNKY Deli + Wandaren Style,Clothing,http://www.knkydeli.com/
Knook's Vintage,Vintage,https://www.instagram.com/knooksvintage
Koko D.,Swimwear,http://www.kokodnyc.com/
Kolby Brianne,Apparel,http://www.kolbybrianne.com/
Kupcakerie,Bakery/Desserts,https://www.kupcakerie.com/
La Botica,Candleshop,https://www.laboticanyc.com/
Lait de Coco,Vintage & Jewelry,https://laitdecocostudio.com/
Lalu's Roots N Conjure,Spiritual/Homegoods,https://www.etsy.com/shop/LalusRootsNConjure?source=aw&utm_source=affiliate_window&utm_medium=affiliate&utm_campaign=us_location_buyer&utm_term=3657&utm_content=304459&awc=6220_1592865544_4faa6239bb77885ce3d6b49421ef9e4c
Lauren Good Day,"Fashion, Jewelry, Accessories",http://laurengoodday.com/
Lauren Napier Beauty,Skin Care,https://www.laurennapier.com/
Law Beauty Essentials,Beauty,https://www.lawbeautyessentials.com/
Leaves of Magic,Health & Wellness,http://www.naturalbyafrica.com/
Lee Lee's Rugelach,Bakery/Desserts,https://www.leeleesrugelach.com/
Lemlem,Apparel,https://www.lemlem.com/
LevanaNINE,Health & Wellness,http://www.levananine.com/
Lichen,Home Goods,https://www.lichennyc.com/
Liha Beauty,Bodycare,https://lihabeauty.com/
Lingua Nigra,Apparel,https://linguanigra.com/
Linoto,Home Goods,https://www.linoto.com/
LipVoyage,Beauty,http://www.lipvoyage.com/
Lissa Beauty Kollection,Skincare,https://www.lissabeautykollection.co/
Lit Brooklyn,Candleshop,https://www.litbklyn.co/
LITerate Minds,Literature,https://www.literatemindsread.com/
Little Crystal Galaxy,Spiritual/Homegoods,https://www.etsy.com/shop/LittleCrystalGalaxy?source=aw&utm_source=affiliate_window&utm_medium=affiliate&utm_campaign=us_location_buyer&utm_term=3657&utm_content=304459&awc=6220_1592865689_62664bf81e6d6ea073f73ed018c7a904
Live Fashionable,Apparel,https://www.livefashionable.com/
Local European,Apparel,https://localeuropean.com/
Local European,Apparel/Accessories,https://localeuropean.com/
Local Green,Food & Beverage,http://www.localgreenatlanta.com/
Lolly Lolly Ceramics,Home Goods,https://lolly-lolly.com/
Lou the French on the Block,Food & Beverage,https://www.louthefrenchontheblock.com/
Love on 26 LLC,Health & Wellness,http://www.loveon26.com/
"Love, Vara",Hosiery,https://www.lovevera.com/
Lovestruck Whipped Body Butters,Health & Wellness,http://lovestruckwhippedvodybutters.com/
Luna & Lumi,Spiritual/Homegoods,https://www.etsy.com/shop/LunaLumi?ref=simple-shop-header-name&listing_id=810869641
Lust for Nails,Nailcare,https://lustfornails.com/
Luxe by Lay’na,Beauty,http://www.luxebylayna.com/
Lynda Lou,Apparel,https://www.lyndalouboutique.com/
Mad Aunty,"Fashion, Jewelry, Accessories",https://mad-aunty.com/
Magnolia Lush,Bath & Beauty,https://www.magnolialush.com/
Mahnal,Accessories,https://mahnal.com/
Maison Noir Wines,Food & Beverage,https://maisonnoirwines.com/
Make My Cake,Bakery/Desserts,http://www.makemycake.com/
Malaika Apparel,Apparel,https://www.malaikaapparel.com/shop
Marjorie's Beef Jerky,Food & Beverage,http://www.marjoriesbeefjerky.com/
Mary Louise Cosmetics,Cosmetics,https://www.mymarylouise.com/
Mary Plans Vacation,Services,http://www.maryplansvacation.com/
Mateo New York,Jewelry,mateonewyork.com
Mayvenn,Hair,https://shop.mayvenn.com/
McBride Sisters Wine Collection,Food & Beverage,https://www.mcbridesisters.com/
Me & the Bees Lemonade,Food & Beverage,https://www.meandthebees.com/
Melanation,Apparel,https://www.melanation.org/shop/
Melanie Marie,Jewelry,https://jewelry.melaniemarie.com/
Mented Cosmetics,Cosmetics,https://www.mentedcosmetics.com/
MFAD Creative Group LLC,Services,http://www.management4aday.com/
Michelle Brown,"Fashion, Jewelry, Accessories",http://michellebrownwear.com/
Midnite Confection,Bakery/Desserts,http://www.midniteconfection.com/
Mielle Organics,Haircare,https://mielleorganics.com/
Mien Studios,Face Masks,https://mienstudios.com/
Milestone Events & Celebrations,Services,http://www.mymilestoneevents.com/
MiLo Creations,"Fashion, Jewelry, Accessories",http://www.milocreations.net/
Mint Swim,Swimwear,https://www.mint-swim.com/
Molten Consulting Group,Services,http://www.motenconsultinggroup.com/
Monie Naturals,Bath & Beauty,https://moniesquared.bigcartel.com/
Montys Neighborhood Snacks,Bakery/Desserts,https://www.facebook.com/MontysNeighborhoodsnacks/
Moon Cosmetics,Cosmetics,https://shopmoonxcosmetics.com/
Morning Light Kombucha,"Food, Beverage",http://morninglightkombucha.square.site/
Mother Earth Essentials,"Beauty, Skincare, Health",http://www.motherearthessentials.ca/
Motherland Essentials,Bath & Beauty,https://www.motherlandessentials.com/collections/all
Movita Organics,Health & Wellness,https://www.movitaorganics.com/
Mrs Jacks Body Food,Health & Wellness,http://www.mrsjackssbodyfoods.com/
Mutha Magick Apothecary,Spiritual/Homegoods,https://www.muthamagickapothecary.com/
My Beautiful Fluff,Clothing,http://mybeautifulfluff.com/shop
My Melanin Fits,Accessories,http://mymelaninfits.com/
My Sunday 2 Sunday,Haircare,https://mysunday2sunday.com/
Myavana,Haircare,myavana.com
Myavana,Haircare,https://www.myavana.com/
MySampleHAUS,Decor,https://www.mysamplehaus.com/
Mystic Momma,Health & Wellness,https://www.mysticmomma.net/
Na’Toria Marketing & Design Solutions,Services,http://www.natoria.co/
Naked Flamingo,Skincare,http://nakedflamingoskin.com/
Nakimuli,Swimwear,https://www.nakimuli.com/
Nana Catherine’s Apothecary,Health & Wellness,https://nanacatherinesapothecary.com/
Nana's Girls Squared,Spiritual/Homegoods,https://www.etsy.com/shop/NanasGirlsSquared?source=aw&utm_source=affiliate_window&utm_medium=affiliate&utm_campaign=us_location_buyer&utm_term=3657&utm_content=304459&awc=6220_1592865568_d403d442e7320cc786aab5bdcb71d037
Nani Chacon Art,"Decor, Art",https://squareup.com/market/nani-chacon-art
Nappily Naturals,Bath & Body,https://nappilynaturals.com/
Nasty Gem,Accessories,https://nastygem.com/
NATE,"Fashion, Jewelry, Accessories",http://www.wearenate.com/
Native Brews,"Food, Beverage",http://native-brews.com/
Native Harvest,"Decor, Art",https://nativeharvest.com/collections
Native Realities,Media,https://www.nativerealities.com/
Native Threads,"Fashion, Jewelry, Accessories",https://www.nativethreads.com/
Natural Cuties,Beauty,http://www.iamanaturalcutie.com/
Natural Jewels,Beauty,http://www.shopnaturaljewels.com/
Naturally Made With Love,Beauty,https://naturallymadewithlove.org/
Natures Pleasantries LLC,Health & Wellness,http://naturespleasantries.com/
Neechie Gear,"Fashion, Jewelry, Accessories",http://www.neechiegear.com/collections/products
Newdii,Jewelry,https://www.etsy.com/shop/NewdiiCrystals
Ni’kita Wilson Beauty Chemist,Beauty,http://www.nikitawilsonbeauty.com/
Nia Thomas,Apparel/Accessories,https://niathomasny.com/
Nigel's Jamaican Almond Oil,Bath & Beauty,https://jamaicanalmondworld.com/
Niio Perkins Designs,"Fashion, Jewelry, Accessories",https://www.niioperkins.com/
Nine Beauty,Skincare,https://linktr.ee/nine__beauty
Nishiin Designs,"Fashion, Jewelry, Accessories",https://www.nishiin.ca/
Nishology,"Fashion, Jewelry, Accessories",http://www.nishology.com/
Nizhoni Soaps,"Beauty, Skincare, Health",https://www.nizhonisoaps.com/
Nola Skinsentials,Bath & Beauty,https://www.nolaskinsentials.com/
Northwest Native Expressions,"Decor, Art",http://stores.northwestnativeexpressions.com/
Not Boney LLC,Clothing,http://www.not-boney.com/
Nroda,Eyewear,https://nroda.com/
Nubian Skin,Hosiery,https://us.nubianskin.com/
Nudies,Intimates,https://nudies.shop/
NuEssence,Skincare,https://msha.ke/nuessence__/
Nur Ceramics,Home Goods,http://www.nurceramics.com/
NXC Vintage Shop,Vintage,https://www.nxcvintageshop.com/
O-Gap-Pah Coffee,"Food, Beverage",https://shop.ogahpahcoffee.com/
Off the Rez,"Food, Beverage",https://www.offthereztruck.com/
Ofurre,Swimwear,https://ofuure.com/collections/swimwear
Okiki,Cosmetics,https://www.okikiskincare.co.uk/
OliviaReese,Clothing,http://www.oliviareeseclothing.com/
OMA the Label,Accessories,https://www.omathelabel.com/
Omi Woods,Apparel,https://omiwoods.com/
"On The Go Photo, LLC",Services,http://onthegophototn.com/
Onna,Apparel,https://onna.us/
OOO Polish,Beauty,http://www.ooopolish.com/
Organic Bath Co.,Bodycare,https://www.organicbath.co/
Organic Grow Hair Co.,Haircare,https://organigrowhairco.com/
Oui the People,Bodycare,https://www.ouithepeople.com/
"Our Legacy Press, LLC",Services,http://ourlegacipress.com/
Oz Cult,Apparel,https://ozcult.com/collections/soft
Paprika Doll Catering,Bakery/Desserts,https://www.instagram.com/paprikadollcatering/
Pat McGrath,Beauty,https://www.patmcgrath.com/pages/divine-rose-collection
Pat McGrath Labs,Cosmetics,https://www.patmcgrath.com/
Pattern Beauty,Haircare,https://patternbeauty.com/
Peak and Valley Co.,Health & Wellness,https://peakandvalley.co/
Pear Nova,Nailcare,https://pearnova.com/
Pear Nova,Beauty,https://pearnova.com/gel
Penthouse Sweets,Bakery/Desserts,https://penthousesweetschicago.com/
Perfect Blue Alchemy,Beauty,http://www.perfectbluealchemy.com/
Petsi Pies,Bakery/Desserts,https://petsipies.com/
Petty Butter Inc.,Bath & Beauty,https://linktr.ee/pettybutter
Phoenix InPhusions,Bath & Body,https://webuyblack.com/phoenix-inphusions
Photosnaps by Kris B,Photography,https://www.photosnapsbykrisb.com/online-store
Pietisserie,Bakery/Desserts,https://www.pietisserie.com/
Pinckney Cookie Cafe,Food & Beverage,https://lovethesecookies.com/
Pink Cupcakes,Bakery/Desserts,http://www.natspinkcupcakes.com/
Piscean Spirituality,Spiritual/Homegoods,https://www.etsy.com/shop/PisceanSpirituality?source=aw&utm_source=affiliate_window&utm_medium=affiliate&utm_campaign=us_location_buyer&utm_term=3657&utm_content=304459&awc=6220_1592865454_fcf214fe9361b84c64e4ee38f97bb9d1
Planet Alaska,"Decor, Art",https://planetalaskastore.com/
PLANT Apothecary,Beauty,https://plantapothecary.com/
Plant Based Jeff,Health & Wellness,https://plantbasedjeff.com/?ref=m1bwwqcvfsj
Play Pin Hub,Accessories,https://www.playpinhub.com/
PlayGear,Apparel,https://playgirlgear.com/
Plz Be Careful,Hosiery,https://www.plzbecareful.com/
Pollymetics,Skincare,https://www.pollymetics.com/
Pot Twist Ceramics,Decor/Furniture,http://pottwistceramics.com/
Pottery by Osa,Home Goods,https://www.etsy.com/shop/potterybyosa/
Prados,Cosmetics,https://www.pradosbeauty.com/
Precision Plus,Services,http://www.precisionplus.co/
Predominantly Black,Candleshop,https://www.predominantlyblack.com/collections/all
Pretty Babes Cosmetics,Cosmetics,https://www.prettybabescosmetics.com/
Pretty Honest Shop,Candleshop,https://www.prettyhonestshop.com/
Pretty Mushroom,Health & Wellness,https://prettymushroom.com/
Pretty Write,Services,http://www.instagram.com/prettywrite_llc
"Principle, LLC",Clothing,https://oneprincple.com/
Project Pop,Food & Beverage,https://www.eatprojectpop.com/
Propa Beauty,Beauty,https://www.propabeauty.com/
Proper Gnar,Skateshop,https://propergnar.com/
Pur Home,Health & Wellness,http://www.pur-home.com/
Pyer Moss,Apparel,pyermoss.com
Queentopia Beauty,Bath & Body,https://queentopiabeauty.myshopify.com/
Quwutsun Made,Apparel,https://www.bonfire.com/store/quwutsun-made/
Qwalsius,"Decor, Art",http://www.qwalsius.com/
Radhi Skin,Beauty,https://radhiskin.com/
Rain + Sky Home Decor,Decor/Furniture,https://www.rainskyhome.com/
Raw Goodness LLC,Beauty,http://rawgoodness.org/
Real Chicks Rock!,Services,http://www.realchicksrock.com/
Red Bay Coffee,Food & Beverage,https://www.redbaycoffee.com/
Red Dirt,Beauty,http://reddirthandmade.com/
Redoux,Bodycare,https://redoux.nyc/
Relaunch in Color,Nailcare,https://www.relaunchincolor.com/relaunchnailpolish
Relax,Beauty,https://relaxspaandbeauty.com/products/
Retro Rhapsody,Apparel,https://www.etsy.com/shop/RetroRhapsody
Retro Rhapsody,Vintage,https://www.etsy.com/shop/RetroRhapsody
Riot Swim,Swimwear,https://www.riotswim.com/
Roseman's Remedies,CBD/Home remedies,https://www.rosemansremedies.com/shop-1
Rosen,Skincare,https://www.rosenskincare.com/
"Royal Fitness, LLC",Health & Wellness,https://www.royaltfitness.com/
Royal House of Wraps,Accessories,https://www.royalhouseofwraps.com/
RPF Organics,Food & Beverage,https://www.etsy.com/shop/rpforganics
RPM.FM,Media,http://rpm.fm/artists/
Rucker Roots,Haircare,https://ruckerroots.com/
Rue 107,Apparel,https://rue107.com/
Rutse,Skincare,https://www.rutseonline.com/
Saba Wear,"Fashion, Jewelry, Accessories",http://www.sabahut.com/
Sadas Studios,Art,https://sadastudios.com/collections
Sadiddy Hippie,Beauty,http://www.sadiddyhippie.com/
Sakari Botanicals,"Beauty, Skincare, Health",http://sakaribotanicals.weebly.com/
Salish Style,"Fashion, Jewelry, Accessories",http://www.salishstyle.com/
Salone Monet,Footwear,https://www.salonemonet.com/
Samantha Rei,Accessories,https://samantharei.com/shop/
Samara Bags,Apparel,https://samarabags.com/
Sami Miro Vintage,Vintage,https://samimirovintage.com/
Sankofa Beer Company,Food & Beverage,https://www.sankofabeer.com/
Santoki Healing,Health & Wellness,https://santokihealing.setmore.com/
Sarah Agaton Howes,"Decor, Art",http://heartberry.com/
Sassy Cre8s,Clothing,https://www.etsy.com/shop/SASSYCRE8S
SavageChic,Clothing,http://www.thesavagechic.com/
Scents By Jasmine Limited Co.,Decor/Furniture,http://www.scentsbyjasmine.com/
Scrubtious,Spiritual/Homegoods,https://www.etsy.com/shop/ScrubtiousInc?source=aw&utm_source=affiliate_window&utm_medium=affiliate&utm_campaign=us_location_buyer&utm_term=3657&utm_content=304459&awc=6220_1592865520_3ca4248253c83d6e33a73bedc9296db1
Second Hand Shawty,Vintage,https://www.etsy.com/shop/SecondhandShawty
Séka Hills,"Food, Beverage",http://www.sekahills.com/
Selva Negra,Apparel,https://selvanegra.us/
Seventh and Oak,Candleshop,https://www.seventhandoak.com/shop
Shakura's Aura,Beachwear,https://shakurasaura.com/
Shawnee's Goodies,Bakery/Desserts,https://www.shawneesgoodies.com/about
She Native,"Fashion, Jewelry, Accessories",http://www.shenative.com/
Shea Shea Bakery,Bath & Beauty,https://sheamakery.com/collections/all
Sheridan MacKnight,"Decor, Art",http://sheridanmacknight.net/
Shimá,"Beauty, Skincare, Health",http://shimaofnavajoland.com/
Shop Neutral Ground,Vintage,https://www.shopneutralground.com/
Shop Thriftd,Vintage,https://www.shopthrftd.com/
Shop Washinton Ave,Vintage,https://shopwashingtonave.com/
Sio Studio,Apparel,https://www.depop.com/mulcare/
Sista Teas,Food,https://sistateas.com/
Sister Sky,"Beauty, Skincare, Health",http://www.sistersky.com/
Skin by Nequai,Skincare,https://www.skinbynequai.com/
Skin Cabinet,Beauty,http://www.skincabinet.com/
Skin Rituals Shop,Spiritual/Homegoods,https://www.etsy.com/shop/skinritualsshop?source=aw&utm_source=affiliate_window&utm_medium=affiliate&utm_campaign=us_location_buyer&utm_term=3657&utm_content=304459&awc=6220_1592865433_87647b1805d90d541710de90ed8df521
Skinbuttr,Bodycare,https://skinbuttr.com/
Skwálwen,"Beauty, Skincare, Health",https://skwalwen.com/
Skwalwen Botanicals,Home Goods,https://skwalwen.com/collections/all
Smell Good Spa,Beauty,http://smellgoodspa.com/
So Be It,Decor/Furniture,http://sobeitshop.com/
Soap Junkii,Bath & Beauty,https://soapjunkii.com/
Sol Cacao,Food & Beverage,https://www.solcacao.com/
Sotela,Apparel,https://sotela.co/
Soul Balm Sisters,Skincare,https://smart.bio/soulbalmsisters/
Soul Curiosity,"Fashion, Jewelry, Accessories",https://www.mysoulcuriosity.com/
Southern Culture,Food & Beverage,https://socukitchen.com/
Southern Elegance Candle Co.,Candleshop,https://www.secandleco.com/
Southern Souffle,Bakery/Desserts,http://www.southernsouffle.com/about
"Sow Grow Beautiful Flowers, LLC",Decor/Furniture,http://www.sowgrowbeautifulflowers.com/p/about.html
Spiced Sugah,Health & Wellness,https://www.spicedsugah.com/shop
Spoiled Boutique,Apparel,https://thespoiledboutique.com/
Spotted Horse Coffees,"Food, Beverage",https://www.winonaladuke.com/coffeeshop
Squamish Lil’wat Cultural Centre Online Store,"Decor, Art",http://shop.slcc.ca/
Statements By Habibi,Accessories,http://www.statementsbyhabibi.com/
Sticks and Stones Tees & More,Clothing,http://sticksandstonest4u.com/
Still Me…Even Better,Health & Wellness,https://iamstillmeevenbetter.com/
Sublime Doughnuts,Bakery/Desserts,http://www.sublimedoughnuts.com/
Subrina Heyink,Vintage,https://www.subrinaheyinkvintage.com/
Sugar Jam Cookies,Bakery/Desserts,https://www.sugarjamcookies.com/
Sugar Playhouse,Apparel,https://sugarplayhouse.bigcartel.com/
Sugar Vault Desserts,Bakery/Desserts,https://www.sugarvaultdesserts.com/
SugarRush,Beauty,http://sugarushbbe.bigcartel.com/
Summer Jean & Co.,Skincare,https://www.summerjean.co/
Summer Orchid,Decor/Furniture,http://www.summerorchidcrafts.com/
Sunflowers & Honeycombs,Spiritual/Homegoods,https://www.etsy.com/shop/sunflowershoneycombs/?source=aw&utm_source=affiliate_window&utm_medium=affiliate&utm_campaign=us_location_buyer&utm_term=3657&utm_content=304459&awc=6220_1592865323_8fa1f40baeae303a85c60078a6e0cb29
Support Black Colleges,Apparel,https://supportblackcolleges.org/
Swank Blue,Apparel,https://swankblue.com/
Sweet Lobby,Bakery/Desserts,http://www.sweetlobby.com/
Sweetart,Bakery/Desserts,https://sweetartstl.com/
Sweetscapes,Bakery/Desserts,http://www.sweet-scapes.com/
Sydney Starr Travel,Services,http://www.sydneystarrtravel.com/
Sydney's Sweets,Bakery/Desserts,https://www.sydneyssweets.com/
Symphony Potato Chips,Food & Beverage,https://symphonychips.com/
Taliah Waajid,Haircare,https://naturalhair.org/
Tame Your Mane Beauty Supply,Beauty,http://www.tameyourmanes.com/
Tan’si Clothing,"Fashion, Jewelry, Accessories",http://www.tansiclothing.com/
Tanka Bar,"Food, Beverage",http://www.tankabar.com/
Tashina Lee Emery,"Fashion, Jewelry, Accessories",http://www.tashinaemery.com/
Taupe Coat,Beauty,https://taupecoat.com/
Taylor Jay Collection,Apparel,https://www.taylorjaycollection.com/
Tees By Tahquetta,Clothing,http://www.teesbytahquetta.com/
Telfar,Accessories,telfar.com
Temi,Skincare,https://www.essentialsbytemi.com/
Temple Zen,Skin Care,https://yourtemplezen.com/pages/our-method
Ten & Lee Swimwear Ltd,Swimwear,https://tenandlee.com/password
Ten to One Rum,Food & Beverage,https://www.tentoonerum.com/
Terra-tory,Bodycare,https://www.terra-tory.com/about
That's Chelsea,Health & Wellness,https://society6.com/thatschelsea
The Bakers Delight,Bakery/Desserts,https://www.facebook.com/TheBakersDelightTX/
The Bark Shoppe,Pet,https://www.thebarkshoppe.com/
The Black Leaf Tea and Culture Shop,Food,http://www.theblackleaftea.com/
The College Application Specialist,Services,http://thecollegeappspecialist.com/
The Culturist Union,Services,http://www.theculturistunion.com/
The Cupcake Collection,Bakery/Desserts,https://www.thecupcakecollection.com/
The Cut Buddy,Haircare,thecutbuddy.com
The Diary of She,Clothing,https://www.thediaryofshe.com/
The Editorial Nail,Nailcare,https://theeditorialnail.com/shop-ten/
The Folklore,Apparel,shopthefolklore.com
The Furlough Cheesecake,Food & Beverage,https://thefurloughcheesecake.com/
The Gem Palette,Jewelry,https://thegempalette.co/collections/shop-all
The Glossy Boutique,Cosmetics,https://theglossyboutique.wixsite.com/letsgetglossy
The Grace Made,Apparel,https://www.thegracemade.com/
The Green Laundress,Health & Wellness,http://www.thegreenlaundress.com/
The Groovy Crew,Apparel,https://thegroovycrew.net/
The Honey Pot,Feminine Care,thehoneypot.co
The Hood Witch,Spiritual/Homegoods,http://www.thehoodwitch.com/
The International Tea Emporium,Food,http://mywinetea.com/
The Juice Boxx,Skincare,https://thejuiceeboxx.com/
The Koop,Candleshop,https://thekoopnewyork.com/
The Land of Bekagage,Health & Wellness,http://www.thelandofbekagage.com/
The Lip Bar,Cosmetics,https://www.thelipbar.com/
The Mane Choice,Haircare,https://themanechoice.com/
The Melanin Brand,Clothing,http://themelaninbrand.com/
The Mouthy Heart,Clothing,http://www.themouthyheart.com/
The Precious Home,Decor/Furniture,http://www.theprecioushome.com/
The Ratchet Revolutionary,Pets,https://www.kittysenergy.org/doggy-bag
The Rustic Art,Bakery/Desserts,https://www.facebook.com/TheRusticTart/
The Sixes,Apparel,thesixes.com
The Spice Suite,Food & Beverage,https://www.thespicesuite.com/
The Sweetest Thing Bakeshop,Bakery/Desserts,http://www.thesweetestthingbakeshop.com/
The Tiny Closet Shop,Apparel,https://www.thetinyclosetshop.com/
The Twentea Company,Food,http://www.thetwenteacompany.com/
The Wax Project,Apparel,https://thewaxproject.com/
The Wrap Life,Headwear,thewrap.life
The Zen Company,Spiritual/Homegoods,https://www.etsy.com/shop/TheZenCompany?source=aw&utm_source=affiliate_window&utm_medium=affiliate&utm_campaign=us_location_buyer&utm_term=3657&utm_content=304459&awc=6220_1592865669_fe57962fdf7ec05dff5e07cdc9d4fd2f
Theopolis Vineyards,Food & Beverage,https://www.theopolisvineyards.com/
Therapy Topia,Services,https://therapytopia.com/
These Pink Lips,Swimwear,https://thesepinklips.com/collections/swimwear
Third Eye Soap Store,Bath & Beauty,https://www.etsy.com/shop/ThirdEyeSoapStore
Tionne Skin,Skincare,https://www.tionneskin.com/
Tlicho Store,"Decor, Art",http://www.tlicho.ca/tlicho-onlinestore
"TLJ Professional Services, INC",Services,http://www.tljprofessionalservices.com/
Touched By Grace Bodycare,Skincare,https://linktr.ee/touchedbygracebodycare
TP Mocs,"Fashion, Jewelry, Accessories",http://www.tpmocs.com/
Tranquility’s Designs,Accessories,http://www.shoptranquility5.com/
Transform With Nadia,Health & Wellness,http://transformwithnadia.com/
Treats by Bernadette,Bakery/Desserts,https://www.treatsbybernadette.com/
Tree Fairfax,Accessories,https://treefairfax.com/shop
Trickster Co.,"Fashion, Jewelry, Accessories",http://trickstercompany.com/
TSOul,"Fashion, Jewelry, Accessories",http://peacelovetsoul.bigcartel.com/
Tuesday Melody,Clothing,http://tuesdaymelody.square.site/
Tundra Berry,"Fashion, Jewelry, Accessories",http://tundraberry.com/
Two Days Off,Apparel,https://www.twodaysoff.com/
Two Dogs And A Bear,"Decor, Art",http://www.twodogsandabear.com/
Two Dough Girls,Food,http://www.twodoughgirls.com/
Ultra Violet,Accessories,https://ultraviolet.nyc/
Uncle Nearest Tennessee Whiskey,Food & Beverage,https://unclenearest.com/
Unlax Candles,Candleshop,https://unlaxcandles.com/
Unwrp,Paper,unwrp.com
Uoma Beauty,Cosmetics,https://uomabeauty.com/
Uprising Muffins,Bakery/Desserts,https://uprisingmuffins.com/
Urban Native Era,"Fashion, Jewelry, Accessories",http://www.urbannativeera.com/
Urembo Asili,Beauty,https://uremboasili.com/
Valerie Madison,Apparel,https://www.valeriemadison.com/
Vibrant Health,Health & Wellness,vibranthealth.com
Virgil Ortiz,"Fashion, Jewelry, Accessories",http://www.virgilortiz.com/
Warcloud Brewing,Food & Beverage,http://warcloudbrewing.com/
Wasi Clothing,Apparel,https://wasiclothing.com/pages/about-us
Wear Proclaim,Apparel,https://www.wearproclaim.com/
Welstand Boutique,Beauty,http://www.welstandboutique.com/
Whimsical Fusions,Beauty,http://whimsicalfusions.com/
WhitneyManney Fashion & Textiles,Clothing,https://www.whitneymanney.com/
Wholesome Organics,Medicinal/Remedies,https://whorganics.com/
Wrap Life,Haircare,https://thewrap.life/
Wuunagwa,Apparel,https://wuunagwa.com/
Xhale Swim,Swimwear,https://xhaleswim.com/
Yasmine Cheyenne,Apparel,https://yasminecheyenne.com/shop/
Yo Soy Afrolatina,Apparel,https://yosoyafrolatina.com/
Yolélé Foods,Food & Beverage,https://yolelefoods.com/
Zach and Zoe,Bakery/Desserts,https://zachandzoe.co/
Zaria’s Milk,Services,http://zariasmilk.com/
Zaric Fair Trade,Accessories,http://zaricfairtrade.com/
Zeni Ardenys,Bodycare,https://zeniardenys.com/
Zou Xou,Apparel,https://www.zouxou.com/